Surface,Distance,SG Avg,Unit of Measurement
Tee,20,2.6389,Yds
Tee,21,2.6425,Yds
Tee,22,2.6461,Yds
Tee,23,2.6497,Yds
Tee,24,2.6533,Yds
Tee,25,2.6569,Yds
Tee,26,2.6605,Yds
Tee,27,2.6641,Yds
Tee,28,2.6677,Yds
Tee,29,2.6713,Yds
Tee,30,2.6749,Yds
Tee,31,2.6785,Yds
Tee,32,2.6821,Yds
Tee,33,2.6857,Yds
Tee,34,2.6893,Yds
Tee,35,2.6929,Yds
Tee,36,2.6965,Yds
Tee,37,2.7001,Yds
Tee,38,2.7037,Yds
Tee,39,2.7073,Yds
Tee,40,2.7109,Yds
Tee,41,2.7145,Yds
Tee,42,2.7181,Yds
Tee,43,2.7217,Yds
Tee,44,2.7253,Yds
Tee,45,2.7289,Yds
Tee,46,2.7325,Yds
Tee,47,2.7361,Yds
Tee,48,2.7397,Yds
Tee,49,2.7433,Yds
Tee,50,2.7469,Yds
Tee,51,2.7505,Yds
Tee,52,2.7541,Yds
Tee,53,2.7577,Yds
Tee,54,2.7613,Yds
Tee,55,2.7649,Yds
Tee,56,2.7685,Yds
Tee,57,2.7721,Yds
Tee,58,2.7757,Yds
Tee,59,2.7793,Yds
Tee,60,2.7829,Yds
Tee,61,2.7865,Yds
Tee,62,2.7901,Yds
Tee,63,2.7937,Yds
Tee,64,2.7973,Yds
Tee,65,2.8009,Yds
Tee,66,2.8045,Yds
Tee,67,2.8081,Yds
Tee,68,2.8117,Yds
Tee,69,2.8153,Yds
Tee,70,2.8189,Yds
Tee,71,2.8225,Yds
Tee,72,2.8261,Yds
Tee,73,2.8297,Yds
Tee,74,2.8333,Yds
Tee,75,2.8369,Yds
Tee,76,2.8405,Yds
Tee,77,2.8441,Yds
Tee,78,2.8477,Yds
Tee,79,2.8513,Yds
Tee,80,2.8549,Yds
Tee,81,2.8585,Yds
Tee,82,2.8621,Yds
Tee,83,2.8657,Yds
Tee,84,2.8693,Yds
Tee,85,2.8729,Yds
Tee,86,2.8765,Yds
Tee,87,2.8801,Yds
Tee,88,2.8837,Yds
Tee,89,2.8873,Yds
Tee,90,2.8909,Yds
Tee,91,2.8945,Yds
Tee,92,2.8981,Yds
Tee,93,2.9017,Yds
Tee,94,2.9053,Yds
Tee,95,2.9089,Yds
Tee,96,2.9125,Yds
Tee,97,2.9161,Yds
Tee,98,2.9197,Yds
Tee,99,2.9233,Yds
Tee,100,2.9269,Yds
Tee,101,2.9305,Yds
Tee,102,2.9341,Yds
Tee,103,2.9377,Yds
Tee,104,2.9413,Yds
Tee,105,2.9449,Yds
Tee,106,2.9485,Yds
Tee,107,2.9521,Yds
Tee,108,2.9557,Yds
Tee,109,2.9593,Yds
Tee,110,2.9629,Yds
Tee,111,2.9665,Yds
Tee,112,2.9701,Yds
Tee,113,2.9737,Yds
Tee,114,2.9773,Yds
Tee,115,2.9809,Yds
Tee,116,2.9845,Yds
Tee,117,2.9881,Yds
Tee,118,2.9917,Yds
Tee,119,2.9953,Yds
Tee,120,2.9989,Yds
Tee,121,3.0025,Yds
Tee,122,3.0061,Yds
Tee,123,3.0097,Yds
Tee,124,3.0133,Yds
Tee,125,3.0169,Yds
Tee,126,3.0205,Yds
Tee,127,3.0241,Yds
Tee,128,3.0277,Yds
Tee,129,3.0313,Yds
Tee,130,3.0349,Yds
Tee,131,3.0385,Yds
Tee,132,3.0421,Yds
Tee,133,3.0457,Yds
Tee,134,3.0493,Yds
Tee,135,3.0529,Yds
Tee,136,3.0565,Yds
Tee,137,3.0601,Yds
Tee,138,3.0637,Yds
Tee,139,3.0673,Yds
Tee,140,3.0709,Yds
Tee,141,3.0745,Yds
Tee,142,3.0781,Yds
Tee,143,3.0817,Yds
Tee,144,3.0853,Yds
Tee,145,3.0889,Yds
Tee,146,3.0925,Yds
Tee,147,3.0961,Yds
Tee,148,3.0997,Yds
Tee,149,3.1033,Yds
Tee,150,3.1069,Yds
Tee,151,3.1105,Yds
Tee,152,3.1141,Yds
Tee,153,3.1177,Yds
Tee,154,3.1213,Yds
Tee,155,3.1249,Yds
Tee,156,3.1285,Yds
Tee,157,3.1321,Yds
Tee,158,3.1357,Yds
Tee,159,3.1393,Yds
Tee,160,3.1429,Yds
Tee,161,3.1465,Yds
Tee,162,3.1501,Yds
Tee,163,3.1537,Yds
Tee,164,3.1573,Yds
Tee,165,3.1609,Yds
Tee,166,3.1645,Yds
Tee,167,3.1681,Yds
Tee,168,3.1717,Yds
Tee,169,3.1753,Yds
Tee,170,3.1789,Yds
Tee,171,3.1825,Yds
Tee,172,3.1861,Yds
Tee,173,3.1897,Yds
Tee,174,3.1933,Yds
Tee,175,3.1969,Yds
Tee,176,3.2005,Yds
Tee,177,3.2041,Yds
Tee,178,3.2077,Yds
Tee,179,3.2113,Yds
Tee,180,3.2149,Yds
Tee,181,3.2185,Yds
Tee,182,3.2221,Yds
Tee,183,3.2257,Yds
Tee,184,3.2293,Yds
Tee,185,3.2329,Yds
Tee,186,3.2365,Yds
Tee,187,3.2401,Yds
Tee,188,3.2437,Yds
Tee,189,3.2473,Yds
Tee,190,3.2509,Yds
Tee,191,3.2545,Yds
Tee,192,3.2581,Yds
Tee,193,3.2617,Yds
Tee,194,3.2653,Yds
Tee,195,3.2689,Yds
Tee,196,3.2725,Yds
Tee,197,3.2761,Yds
Tee,198,3.2797,Yds
Tee,199,3.2833,Yds
Tee,200,3.2869,Yds
Tee,201,3.2905,Yds
Tee,202,3.2941,Yds
Tee,203,3.2977,Yds
Tee,204,3.3013,Yds
Tee,205,3.3049,Yds
Tee,206,3.3085,Yds
Tee,207,3.3121,Yds
Tee,208,3.3157,Yds
Tee,209,3.3193,Yds
Tee,210,3.3229,Yds
Tee,211,3.3265,Yds
Tee,212,3.3301,Yds
Tee,213,3.3337,Yds
Tee,214,3.3373,Yds
Tee,215,3.3409,Yds
Tee,216,3.3445,Yds
Tee,217,3.3481,Yds
Tee,218,3.3517,Yds
Tee,219,3.3553,Yds
Tee,220,3.3589,Yds
Tee,221,3.3625,Yds
Tee,222,3.3661,Yds
Tee,223,3.3697,Yds
Tee,224,3.3733,Yds
Tee,225,3.3769,Yds
Tee,226,3.3805,Yds
Tee,227,3.3841,Yds
Tee,228,3.3877,Yds
Tee,229,3.3913,Yds
Tee,230,3.3949,Yds
Tee,231,3.3985,Yds
Tee,232,3.4021,Yds
Tee,233,3.4057,Yds
Tee,234,3.4093,Yds
Tee,235,3.4129,Yds
Tee,236,3.4165,Yds
Tee,237,3.4201,Yds
Tee,238,3.4237,Yds
Tee,239,3.4273,Yds
Tee,240,3.4309,Yds
Tee,241,3.4345,Yds
Tee,242,3.4381,Yds
Tee,243,3.4417,Yds
Tee,244,3.4453,Yds
Tee,245,3.4489,Yds
Tee,246,3.4525,Yds
Tee,247,3.4561,Yds
Tee,248,3.4597,Yds
Tee,249,3.4633,Yds
Tee,250,3.4669,Yds
Tee,251,3.4705,Yds
Tee,252,3.4741,Yds
Tee,253,3.4777,Yds
Tee,254,3.4813,Yds
Tee,255,3.4849,Yds
Tee,256,3.4885,Yds
Tee,257,3.4921,Yds
Tee,258,3.4957,Yds
Tee,259,3.4993,Yds
Tee,260,3.5029,Yds
Tee,261,3.5065,Yds
Tee,262,3.5101,Yds
Tee,263,3.5137,Yds
Tee,264,3.5173,Yds
Tee,265,3.5209,Yds
Tee,266,3.5245,Yds
Tee,267,3.5281,Yds
Tee,268,3.5317,Yds
Tee,269,3.5353,Yds
Tee,270,3.5389,Yds
Tee,271,3.5425,Yds
Tee,272,3.5461,Yds
Tee,273,3.5497,Yds
Tee,274,3.5533,Yds
Tee,275,3.5569,Yds
Tee,276,3.5605,Yds
Tee,277,3.5641,Yds
Tee,278,3.5677,Yds
Tee,279,3.5713,Yds
Tee,280,3.5749,Yds
Tee,281,3.5785,Yds
Tee,282,3.5821,Yds
Tee,283,3.5857,Yds
Tee,284,3.5893,Yds
Tee,285,3.5929,Yds
Tee,286,3.5965,Yds
Tee,287,3.6001,Yds
Tee,288,3.6037,Yds
Tee,289,3.6073,Yds
Tee,290,3.6109,Yds
Tee,291,3.6145,Yds
Tee,292,3.6181,Yds
Tee,293,3.6217,Yds
Tee,294,3.6253,Yds
Tee,295,3.6289,Yds
Tee,296,3.6325,Yds
Tee,297,3.6361,Yds
Tee,298,3.6397,Yds
Tee,299,3.6433,Yds
Tee,300,3.6469,Yds
Tee,301,3.6505,Yds
Tee,302,3.6541,Yds
Tee,303,3.6577,Yds
Tee,304,3.6613,Yds
Tee,305,3.6649,Yds
Tee,306,3.6685,Yds
Tee,307,3.6721,Yds
Tee,308,3.6757,Yds
Tee,309,3.6793,Yds
Tee,310,3.6829,Yds
Tee,311,3.6865,Yds
Tee,312,3.6901,Yds
Tee,313,3.6937,Yds
Tee,314,3.6973,Yds
Tee,315,3.7009,Yds
Tee,316,3.7045,Yds
Tee,317,3.7081,Yds
Tee,318,3.7117,Yds
Tee,319,3.7153,Yds
Tee,320,3.7189,Yds
Tee,321,3.7225,Yds
Tee,322,3.7261,Yds
Tee,323,3.7297,Yds
Tee,324,3.7333,Yds
Tee,325,3.7369,Yds
Tee,326,3.7405,Yds
Tee,327,3.7441,Yds
Tee,328,3.7477,Yds
Tee,329,3.7513,Yds
Tee,330,3.7549,Yds
Tee,331,3.7585,Yds
Tee,332,3.7621,Yds
Tee,333,3.7657,Yds
Tee,334,3.7693,Yds
Tee,335,3.7729,Yds
Tee,336,3.7765,Yds
Tee,337,3.7801,Yds
Tee,338,3.7837,Yds
Tee,339,3.7873,Yds
Tee,340,3.7909,Yds
Tee,341,3.7945,Yds
Tee,342,3.7981,Yds
Tee,343,3.8017,Yds
Tee,344,3.8053,Yds
Tee,345,3.8089,Yds
Tee,346,3.8125,Yds
Tee,347,3.8161,Yds
Tee,348,3.8197,Yds
Tee,349,3.8233,Yds
Tee,350,3.8269,Yds
Tee,351,3.8305,Yds
Tee,352,3.8341,Yds
Tee,353,3.8377,Yds
Tee,354,3.8413,Yds
Tee,355,3.8449,Yds
Tee,356,3.8485,Yds
Tee,357,3.8521,Yds
Tee,358,3.8557,Yds
Tee,359,3.8593,Yds
Tee,360,3.8629,Yds
Tee,361,3.8665,Yds
Tee,362,3.8701,Yds
Tee,363,3.8737,Yds
Tee,364,3.8773,Yds
Tee,365,3.8809,Yds
Tee,366,3.8845,Yds
Tee,367,3.8881,Yds
Tee,368,3.8917,Yds
Tee,369,3.8953,Yds
Tee,370,3.8989,Yds
Tee,371,3.9025,Yds
Tee,372,3.9061,Yds
Tee,373,3.9097,Yds
Tee,374,3.9133,Yds
Tee,375,3.9169,Yds
Tee,376,3.9205,Yds
Tee,377,3.9241,Yds
Tee,378,3.9277,Yds
Tee,379,3.9313,Yds
Tee,380,3.9349,Yds
Tee,381,3.9385,Yds
Tee,382,3.9421,Yds
Tee,383,3.9457,Yds
Tee,384,3.9493,Yds
Tee,385,3.9529,Yds
Tee,386,3.9565,Yds
Tee,387,3.9601,Yds
Tee,388,3.9637,Yds
Tee,389,3.9673,Yds
Tee,390,3.9709,Yds
Tee,391,3.9745,Yds
Tee,392,3.9781,Yds
Tee,393,3.9817,Yds
Tee,394,3.9853,Yds
Tee,395,3.9889,Yds
Tee,396,3.9925,Yds
Tee,397,3.9961,Yds
Tee,398,3.9997,Yds
Tee,399,4.0033,Yds
Tee,400,4.0069,Yds
Tee,401,4.0105,Yds
Tee,402,4.0141,Yds
Tee,403,4.0177,Yds
Tee,404,4.0213,Yds
Tee,405,4.0249,Yds
Tee,406,4.0285,Yds
Tee,407,4.0321,Yds
Tee,408,4.0357,Yds
Tee,409,4.0393,Yds
Tee,410,4.0429,Yds
Tee,411,4.0465,Yds
Tee,412,4.0501,Yds
Tee,413,4.0537,Yds
Tee,414,4.0573,Yds
Tee,415,4.0609,Yds
Tee,416,4.0645,Yds
Tee,417,4.0681,Yds
Tee,418,4.0717,Yds
Tee,419,4.0753,Yds
Tee,420,4.0789,Yds
Tee,421,4.0825,Yds
Tee,422,4.0861,Yds
Tee,423,4.0897,Yds
Tee,424,4.0933,Yds
Tee,425,4.0969,Yds
Tee,426,4.1005,Yds
Tee,427,4.1041,Yds
Tee,428,4.1077,Yds
Tee,429,4.1113,Yds
Tee,430,4.1149,Yds
Tee,431,4.1185,Yds
Tee,432,4.1221,Yds
Tee,433,4.1257,Yds
Tee,434,4.1293,Yds
Tee,435,4.1329,Yds
Tee,436,4.1365,Yds
Tee,437,4.1401,Yds
Tee,438,4.1437,Yds
Tee,439,4.1473,Yds
Tee,440,4.1509,Yds
Tee,441,4.1545,Yds
Tee,442,4.1581,Yds
Tee,443,4.1617,Yds
Tee,444,4.1653,Yds
Tee,445,4.1689,Yds
Tee,446,4.1725,Yds
Tee,447,4.1761,Yds
Tee,448,4.1797,Yds
Tee,449,4.1833,Yds
Tee,450,4.1869,Yds
Tee,451,4.1905,Yds
Tee,452,4.1941,Yds
Tee,453,4.1977,Yds
Tee,454,4.2013,Yds
Tee,455,4.2049,Yds
Tee,456,4.2085,Yds
Tee,457,4.2121,Yds
Tee,458,4.2157,Yds
Tee,459,4.2193,Yds
Tee,460,4.2229,Yds
Tee,461,4.2265,Yds
Tee,462,4.2301,Yds
Tee,463,4.2337,Yds
Tee,464,4.2373,Yds
Tee,465,4.2409,Yds
Tee,466,4.2445,Yds
Tee,467,4.2481,Yds
Tee,468,4.2517,Yds
Tee,469,4.2553,Yds
Tee,470,4.2589,Yds
Tee,471,4.2625,Yds
Tee,472,4.2661,Yds
Tee,473,4.2697,Yds
Tee,474,4.2733,Yds
Tee,475,4.2769,Yds
Tee,476,4.2805,Yds
Tee,477,4.2841,Yds
Tee,478,4.2877,Yds
Tee,479,4.2913,Yds
Tee,480,4.2949,Yds
Tee,481,4.2985,Yds
Tee,482,4.3021,Yds
Tee,483,4.3057,Yds
Tee,484,4.3093,Yds
Tee,485,4.3129,Yds
Tee,486,4.3165,Yds
Tee,487,4.3201,Yds
Tee,488,4.3237,Yds
Tee,489,4.3273,Yds
Tee,490,4.3309,Yds
Tee,491,4.3345,Yds
Tee,492,4.3381,Yds
Tee,493,4.3417,Yds
Tee,494,4.3453,Yds
Tee,495,4.3489,Yds
Tee,496,4.3525,Yds
Tee,497,4.3561,Yds
Tee,498,4.3597,Yds
Tee,499,4.3633,Yds
Tee,500,4.3669,Yds
Tee,501,4.3705,Yds
Tee,502,4.3741,Yds
Tee,503,4.3777,Yds
Tee,504,4.3813,Yds
Tee,505,4.3849,Yds
Tee,506,4.3885,Yds
Tee,507,4.3921,Yds
Tee,508,4.3957,Yds
Tee,509,4.3993,Yds
Tee,510,4.4029,Yds
Tee,511,4.4065,Yds
Tee,512,4.4101,Yds
Tee,513,4.4137,Yds
Tee,514,4.4173,Yds
Tee,515,4.4209,Yds
Tee,516,4.4245,Yds
Tee,517,4.4281,Yds
Tee,518,4.4317,Yds
Tee,519,4.4353,Yds
Tee,520,4.4389,Yds
Tee,521,4.4425,Yds
Tee,522,4.4461,Yds
Tee,523,4.4497,Yds
Tee,524,4.4533,Yds
Tee,525,4.4569,Yds
Tee,526,4.4605,Yds
Tee,527,4.4641,Yds
Tee,528,4.4677,Yds
Tee,529,4.4713,Yds
Tee,530,4.4749,Yds
Tee,531,4.4785,Yds
Tee,532,4.4821,Yds
Tee,533,4.4857,Yds
Tee,534,4.4893,Yds
Tee,535,4.4929,Yds
Tee,536,4.4965,Yds
Tee,537,4.5001,Yds
Tee,538,4.5037,Yds
Tee,539,4.5073,Yds
Tee,540,4.5109,Yds
Tee,541,4.5145,Yds
Tee,542,4.5181,Yds
Tee,543,4.5217,Yds
Tee,544,4.5253,Yds
Tee,545,4.5289,Yds
Tee,546,4.5325,Yds
Tee,547,4.5361,Yds
Tee,548,4.5397,Yds
Tee,549,4.5433,Yds
Tee,550,4.5469,Yds
Tee,551,4.5505,Yds
Tee,552,4.5541,Yds
Tee,553,4.5577,Yds
Tee,554,4.5613,Yds
Tee,555,4.5649,Yds
Tee,556,4.5685,Yds
Tee,557,4.5721,Yds
Tee,558,4.5757,Yds
Tee,559,4.5793,Yds
Tee,560,4.5829,Yds
Tee,561,4.5865,Yds
Tee,562,4.5901,Yds
Tee,563,4.5937,Yds
Tee,564,4.5973,Yds
Tee,565,4.6009,Yds
Tee,566,4.6045,Yds
Tee,567,4.6081,Yds
Tee,568,4.6117,Yds
Tee,569,4.6153,Yds
Tee,570,4.6189,Yds
Tee,571,4.6225,Yds
Tee,572,4.6261,Yds
Tee,573,4.6297,Yds
Tee,574,4.6333,Yds
Tee,575,4.6369,Yds
Tee,576,4.6405,Yds
Tee,577,4.6441,Yds
Tee,578,4.6477,Yds
Tee,579,4.6513,Yds
Tee,580,4.6549,Yds
Tee,581,4.6585,Yds
Tee,582,4.6621,Yds
Tee,583,4.6657,Yds
Tee,584,4.6693,Yds
Tee,585,4.6729,Yds
Tee,586,4.6765,Yds
Tee,587,4.6801,Yds
Tee,588,4.6837,Yds
Tee,589,4.6873,Yds
Tee,590,4.6909,Yds
Tee,591,4.6945,Yds
Tee,592,4.6981,Yds
Tee,593,4.7017,Yds
Tee,594,4.7053,Yds
Tee,595,4.7089,Yds
Tee,596,4.7125,Yds
Tee,597,4.7161,Yds
Tee,598,4.7197,Yds
Tee,599,4.7233,Yds
Tee,600,4.7269,Yds
Tee,601,4.7305,Yds
Tee,602,4.7341,Yds
Tee,603,4.7377,Yds
Tee,604,4.7413,Yds
Tee,605,4.7449,Yds
Tee,606,4.7485,Yds
Tee,607,4.7521,Yds
Tee,608,4.7557,Yds
Tee,609,4.7593,Yds
Tee,610,4.7629,Yds
Tee,611,4.7665,Yds
Tee,612,4.7701,Yds
Tee,613,4.7737,Yds
Tee,614,4.7773,Yds
Tee,615,4.7809,Yds
Tee,616,4.7845,Yds
Tee,617,4.7881,Yds
Tee,618,4.7917,Yds
Tee,619,4.7953,Yds
Tee,620,4.7989,Yds
Tee,621,4.8025,Yds
Tee,622,4.8061,Yds
Tee,623,4.8097,Yds
Tee,624,4.8133,Yds
Tee,625,4.8169,Yds
Tee,626,4.8205,Yds
Tee,627,4.8241,Yds
Tee,628,4.8277,Yds
Tee,629,4.8313,Yds
Tee,630,4.8349,Yds
Tee,631,4.8385,Yds
Tee,632,4.8421,Yds
Tee,633,4.8457,Yds
Tee,634,4.8493,Yds
Tee,635,4.8529,Yds
Tee,636,4.8565,Yds
Tee,637,4.8601,Yds
Tee,638,4.8637,Yds
Tee,639,4.8673,Yds
Tee,640,4.8709,Yds
Tee,641,4.8745,Yds
Tee,642,4.8781,Yds
Tee,643,4.8817,Yds
Tee,644,4.8853,Yds
Tee,645,4.8889,Yds
Tee,646,4.8925,Yds
Tee,647,4.8961,Yds
Tee,648,4.8997,Yds
Tee,649,4.9033,Yds
Tee,650,4.9069,Yds
Tee,651,4.9105,Yds
Tee,652,4.9141,Yds
Tee,653,4.9177,Yds
Tee,654,4.9213,Yds
Tee,655,4.9249,Yds
Tee,656,4.9285,Yds
Tee,657,4.9321,Yds
Tee,658,4.9357,Yds
Tee,659,4.9393,Yds
Tee,660,4.9429,Yds
Tee,661,4.9465,Yds
Tee,662,4.9501,Yds
Tee,663,4.9537,Yds
Tee,664,4.9573,Yds
Tee,665,4.9609,Yds
Tee,666,4.9645,Yds
Tee,667,4.9681,Yds
Tee,668,4.9717,Yds
Tee,669,4.9753,Yds
Tee,670,4.9789,Yds
Tee,671,4.9825,Yds
Tee,672,4.9861,Yds
Tee,673,4.9897,Yds
Tee,674,4.9933,Yds
Tee,675,4.9969,Yds
Tee,676,5.0005,Yds
Tee,677,5.0041,Yds
Tee,678,5.0077,Yds
Tee,679,5.0113,Yds
Tee,680,5.0149,Yds
Tee,681,5.0185,Yds
Tee,682,5.0221,Yds
Tee,683,5.0257,Yds
Tee,684,5.0293,Yds
Tee,685,5.0329,Yds
Tee,686,5.0365,Yds
Tee,687,5.0401,Yds
Tee,688,5.0437,Yds
Tee,689,5.0473,Yds
Tee,690,5.0509,Yds
Tee,691,5.0545,Yds
Tee,692,5.0581,Yds
Tee,693,5.0617,Yds
Tee,694,5.0653,Yds
Tee,695,5.0689,Yds
Tee,696,5.0725,Yds
Tee,697,5.0761,Yds
Tee,698,5.0797,Yds
Tee,699,5.0833,Yds
Tee,700,5.0869,Yds
Fairway,20,2.4391,Yds
Fairway,21,2.4436,Yds
Fairway,22,2.4481,Yds
Fairway,23,2.4526,Yds
Fairway,24,2.4571,Yds
Fairway,25,2.4616,Yds
Fairway,26,2.4661,Yds
Fairway,27,2.4706,Yds
Fairway,28,2.4751,Yds
Fairway,29,2.4796,Yds
Fairway,30,2.4841,Yds
Fairway,31,2.4886,Yds
Fairway,32,2.4931,Yds
Fairway,33,2.4976,Yds
Fairway,34,2.5021,Yds
Fairway,35,2.5066,Yds
Fairway,36,2.5111,Yds
Fairway,37,2.5156,Yds
Fairway,38,2.5201,Yds
Fairway,39,2.5246,Yds
Fairway,40,2.5291,Yds
Fairway,41,2.5336,Yds
Fairway,42,2.5381,Yds
Fairway,43,2.5426,Yds
Fairway,44,2.5471,Yds
Fairway,45,2.5516,Yds
Fairway,46,2.5561,Yds
Fairway,47,2.5606,Yds
Fairway,48,2.5651,Yds
Fairway,49,2.5696,Yds
Fairway,50,2.5741,Yds
Fairway,51,2.5786,Yds
Fairway,52,2.5831,Yds
Fairway,53,2.5876,Yds
Fairway,54,2.5921,Yds
Fairway,55,2.5966,Yds
Fairway,56,2.6011,Yds
Fairway,57,2.6056,Yds
Fairway,58,2.6101,Yds
Fairway,59,2.6146,Yds
Fairway,60,2.6191,Yds
Fairway,61,2.6236,Yds
Fairway,62,2.6281,Yds
Fairway,63,2.6326,Yds
Fairway,64,2.6371,Yds
Fairway,65,2.6416,Yds
Fairway,66,2.6461,Yds
Fairway,67,2.6506,Yds
Fairway,68,2.6551,Yds
Fairway,69,2.6596,Yds
Fairway,70,2.6641,Yds
Fairway,71,2.6686,Yds
Fairway,72,2.6731,Yds
Fairway,73,2.6776,Yds
Fairway,74,2.6821,Yds
Fairway,75,2.6866,Yds
Fairway,76,2.6911,Yds
Fairway,77,2.6956,Yds
Fairway,78,2.7001,Yds
Fairway,79,2.7046,Yds
Fairway,80,2.7091,Yds
Fairway,81,2.7136,Yds
Fairway,82,2.7181,Yds
Fairway,83,2.7226,Yds
Fairway,84,2.7271,Yds
Fairway,85,2.7316,Yds
Fairway,86,2.7361,Yds
Fairway,87,2.7406,Yds
Fairway,88,2.7451,Yds
Fairway,89,2.7496,Yds
Fairway,90,2.7541,Yds
Fairway,91,2.7586,Yds
Fairway,92,2.7631,Yds
Fairway,93,2.7676,Yds
Fairway,94,2.7721,Yds
Fairway,95,2.7766,Yds
Fairway,96,2.7811,Yds
Fairway,97,2.7856,Yds
Fairway,98,2.7901,Yds
Fairway,99,2.7946,Yds
Fairway,100,2.7991,Yds
Fairway,101,2.8036,Yds
Fairway,102,2.8081,Yds
Fairway,103,2.8126,Yds
Fairway,104,2.8171,Yds
Fairway,105,2.8216,Yds
Fairway,106,2.8261,Yds
Fairway,107,2.8306,Yds
Fairway,108,2.8351,Yds
Fairway,109,2.8396,Yds
Fairway,110,2.8441,Yds
Fairway,111,2.8486,Yds
Fairway,112,2.8531,Yds
Fairway,113,2.8576,Yds
Fairway,114,2.8621,Yds
Fairway,115,2.8666,Yds
Fairway,116,2.8711,Yds
Fairway,117,2.8756,Yds
Fairway,118,2.8801,Yds
Fairway,119,2.8846,Yds
Fairway,120,2.8891,Yds
Fairway,121,2.8936,Yds
Fairway,122,2.8981,Yds
Fairway,123,2.9026,Yds
Fairway,124,2.9071,Yds
Fairway,125,2.9116,Yds
Fairway,126,2.9161,Yds
Fairway,127,2.9206,Yds
Fairway,128,2.9251,Yds
Fairway,129,2.9296,Yds
Fairway,130,2.9341,Yds
Fairway,131,2.9386,Yds
Fairway,132,2.9431,Yds
Fairway,133,2.9476,Yds
Fairway,134,2.9521,Yds
Fairway,135,2.9566,Yds
Fairway,136,2.9611,Yds
Fairway,137,2.9656,Yds
Fairway,138,2.9701,Yds
Fairway,139,2.9746,Yds
Fairway,140,2.9791,Yds
Fairway,141,2.9836,Yds
Fairway,142,2.9881,Yds
Fairway,143,2.9926,Yds
Fairway,144,2.9971,Yds
Fairway,145,3.0016,Yds
Fairway,146,3.0061,Yds
Fairway,147,3.0106,Yds
Fairway,148,3.0151,Yds
Fairway,149,3.0196,Yds
Fairway,150,3.0241,Yds
Fairway,151,3.0286,Yds
Fairway,152,3.0331,Yds
Fairway,153,3.0376,Yds
Fairway,154,3.0421,Yds
Fairway,155,3.0466,Yds
Fairway,156,3.0511,Yds
Fairway,157,3.0556,Yds
Fairway,158,3.0601,Yds
Fairway,159,3.0646,Yds
Fairway,160,3.0691,Yds
Fairway,161,3.0736,Yds
Fairway,162,3.0781,Yds
Fairway,163,3.0826,Yds
Fairway,164,3.0871,Yds
Fairway,165,3.0916,Yds
Fairway,166,3.0961,Yds
Fairway,167,3.1006,Yds
Fairway,168,3.1051,Yds
Fairway,169,3.1096,Yds
Fairway,170,3.1141,Yds
Fairway,171,3.1186,Yds
Fairway,172,3.1231,Yds
Fairway,173,3.1276,Yds
Fairway,174,3.1321,Yds
Fairway,175,3.1366,Yds
Fairway,176,3.1411,Yds
Fairway,177,3.1456,Yds
Fairway,178,3.1501,Yds
Fairway,179,3.1546,Yds
Fairway,180,3.1591,Yds
Fairway,181,3.1636,Yds
Fairway,182,3.1681,Yds
Fairway,183,3.1726,Yds
Fairway,184,3.1771,Yds
Fairway,185,3.1816,Yds
Fairway,186,3.1861,Yds
Fairway,187,3.1906,Yds
Fairway,188,3.1951,Yds
Fairway,189,3.1996,Yds
Fairway,190,3.2041,Yds
Fairway,191,3.2086,Yds
Fairway,192,3.2131,Yds
Fairway,193,3.2176,Yds
Fairway,194,3.2221,Yds
Fairway,195,3.2266,Yds
Fairway,196,3.2311,Yds
Fairway,197,3.2356,Yds
Fairway,198,3.2401,Yds
Fairway,199,3.2446,Yds
Fairway,200,3.2491,Yds
Fairway,201,3.2536,Yds
Fairway,202,3.2581,Yds
Fairway,203,3.2626,Yds
Fairway,204,3.2671,Yds
Fairway,205,3.2716,Yds
Fairway,206,3.2761,Yds
Fairway,207,3.2806,Yds
Fairway,208,3.2851,Yds
Fairway,209,3.2896,Yds
Fairway,210,3.2941,Yds
Fairway,211,3.2986,Yds
Fairway,212,3.3031,Yds
Fairway,213,3.3076,Yds
Fairway,214,3.3121,Yds
Fairway,215,3.3166,Yds
Fairway,216,3.3211,Yds
Fairway,217,3.3256,Yds
Fairway,218,3.3301,Yds
Fairway,219,3.3346,Yds
Fairway,220,3.3391,Yds
Fairway,221,3.3436,Yds
Fairway,222,3.3481,Yds
Fairway,223,3.3526,Yds
Fairway,224,3.3571,Yds
Fairway,225,3.3616,Yds
Fairway,226,3.3661,Yds
Fairway,227,3.3706,Yds
Fairway,228,3.3751,Yds
Fairway,229,3.3796,Yds
Fairway,230,3.3841,Yds
Fairway,231,3.3886,Yds
Fairway,232,3.3931,Yds
Fairway,233,3.3976,Yds
Fairway,234,3.4021,Yds
Fairway,235,3.4066,Yds
Fairway,236,3.4111,Yds
Fairway,237,3.4156,Yds
Fairway,238,3.4201,Yds
Fairway,239,3.4246,Yds
Fairway,240,3.4291,Yds
Fairway,241,3.4336,Yds
Fairway,242,3.4381,Yds
Fairway,243,3.4426,Yds
Fairway,244,3.4471,Yds
Fairway,245,3.4516,Yds
Fairway,246,3.4561,Yds
Fairway,247,3.4606,Yds
Fairway,248,3.4651,Yds
Fairway,249,3.4696,Yds
Fairway,250,3.4741,Yds
Fairway,251,3.4786,Yds
Fairway,252,3.4831,Yds
Fairway,253,3.4876,Yds
Fairway,254,3.4921,Yds
Fairway,255,3.4966,Yds
Fairway,256,3.5011,Yds
Fairway,257,3.5056,Yds
Fairway,258,3.5101,Yds
Fairway,259,3.5146,Yds
Fairway,260,3.5191,Yds
Fairway,261,3.5236,Yds
Fairway,262,3.5281,Yds
Fairway,263,3.5326,Yds
Fairway,264,3.5371,Yds
Fairway,265,3.5416,Yds
Fairway,266,3.5461,Yds
Fairway,267,3.5506,Yds
Fairway,268,3.5551,Yds
Fairway,269,3.5596,Yds
Fairway,270,3.5641,Yds
Fairway,271,3.5686,Yds
Fairway,272,3.5731,Yds
Fairway,273,3.5776,Yds
Fairway,274,3.5821,Yds
Fairway,275,3.5866,Yds
Fairway,276,3.5911,Yds
Fairway,277,3.5956,Yds
Fairway,278,3.6001,Yds
Fairway,279,3.6046,Yds
Fairway,280,3.6091,Yds
Fairway,281,3.6136,Yds
Fairway,282,3.6181,Yds
Fairway,283,3.6226,Yds
Fairway,284,3.6271,Yds
Fairway,285,3.6316,Yds
Fairway,286,3.6361,Yds
Fairway,287,3.6406,Yds
Fairway,288,3.6451,Yds
Fairway,289,3.6496,Yds
Fairway,290,3.6541,Yds
Fairway,291,3.6586,Yds
Fairway,292,3.6631,Yds
Fairway,293,3.6676,Yds
Fairway,294,3.6721,Yds
Fairway,295,3.6766,Yds
Fairway,296,3.6811,Yds
Fairway,297,3.6856,Yds
Fairway,298,3.6901,Yds
Fairway,299,3.6946,Yds
Fairway,300,3.6991,Yds
Fairway,301,3.7036,Yds
Fairway,302,3.7081,Yds
Fairway,303,3.7126,Yds
Fairway,304,3.7171,Yds
Fairway,305,3.7216,Yds
Fairway,306,3.7261,Yds
Fairway,307,3.7306,Yds
Fairway,308,3.7351,Yds
Fairway,309,3.7396,Yds
Fairway,310,3.7441,Yds
Fairway,311,3.7486,Yds
Fairway,312,3.7531,Yds
Fairway,313,3.7576,Yds
Fairway,314,3.7621,Yds
Fairway,315,3.7666,Yds
Fairway,316,3.7711,Yds
Fairway,317,3.7756,Yds
Fairway,318,3.7801,Yds
Fairway,319,3.7846,Yds
Fairway,320,3.7891,Yds
Fairway,321,3.7936,Yds
Fairway,322,3.7981,Yds
Fairway,323,3.8026,Yds
Fairway,324,3.8071,Yds
Fairway,325,3.8116,Yds
Fairway,326,3.8161,Yds
Fairway,327,3.8206,Yds
Fairway,328,3.8251,Yds
Fairway,329,3.8296,Yds
Fairway,330,3.8341,Yds
Fairway,331,3.8386,Yds
Fairway,332,3.8431,Yds
Fairway,333,3.8476,Yds
Fairway,334,3.8521,Yds
Fairway,335,3.8566,Yds
Fairway,336,3.8611,Yds
Fairway,337,3.8656,Yds
Fairway,338,3.8701,Yds
Fairway,339,3.8746,Yds
Fairway,340,3.8791,Yds
Fairway,341,3.8836,Yds
Fairway,342,3.8881,Yds
Fairway,343,3.8926,Yds
Fairway,344,3.8971,Yds
Fairway,345,3.9016,Yds
Fairway,346,3.9061,Yds
Fairway,347,3.9106,Yds
Fairway,348,3.9151,Yds
Fairway,349,3.9196,Yds
Fairway,350,3.9241,Yds
Fairway,351,3.9286,Yds
Fairway,352,3.9331,Yds
Fairway,353,3.9376,Yds
Fairway,354,3.9421,Yds
Fairway,355,3.9466,Yds
Fairway,356,3.9511,Yds
Fairway,357,3.9556,Yds
Fairway,358,3.9601,Yds
Fairway,359,3.9646,Yds
Fairway,360,3.9691,Yds
Fairway,361,3.9736,Yds
Fairway,362,3.9781,Yds
Fairway,363,3.9826,Yds
Fairway,364,3.9871,Yds
Fairway,365,3.9916,Yds
Fairway,366,3.9961,Yds
Fairway,367,4.0006,Yds
Fairway,368,4.0051,Yds
Fairway,369,4.0096,Yds
Fairway,370,4.0141,Yds
Fairway,371,4.0186,Yds
Fairway,372,4.0231,Yds
Fairway,373,4.0276,Yds
Fairway,374,4.0321,Yds
Fairway,375,4.0366,Yds
Fairway,376,4.0411,Yds
Fairway,377,4.0456,Yds
Fairway,378,4.0501,Yds
Fairway,379,4.0546,Yds
Fairway,380,4.0591,Yds
Fairway,381,4.0636,Yds
Fairway,382,4.0681,Yds
Fairway,383,4.0726,Yds
Fairway,384,4.0771,Yds
Fairway,385,4.0816,Yds
Fairway,386,4.0861,Yds
Fairway,387,4.0906,Yds
Fairway,388,4.0951,Yds
Fairway,389,4.0996,Yds
Fairway,390,4.1041,Yds
Fairway,391,4.1086,Yds
Fairway,392,4.1131,Yds
Fairway,393,4.1176,Yds
Fairway,394,4.1221,Yds
Fairway,395,4.1266,Yds
Fairway,396,4.1311,Yds
Fairway,397,4.1356,Yds
Fairway,398,4.1401,Yds
Fairway,399,4.1446,Yds
Fairway,400,4.1491,Yds
Fairway,401,4.1536,Yds
Fairway,402,4.1581,Yds
Fairway,403,4.1626,Yds
Fairway,404,4.1671,Yds
Fairway,405,4.1716,Yds
Fairway,406,4.1761,Yds
Fairway,407,4.1806,Yds
Fairway,408,4.1851,Yds
Fairway,409,4.1896,Yds
Fairway,410,4.1941,Yds
Fairway,411,4.1986,Yds
Fairway,412,4.2031,Yds
Fairway,413,4.2076,Yds
Fairway,414,4.2121,Yds
Fairway,415,4.2166,Yds
Fairway,416,4.2211,Yds
Fairway,417,4.2256,Yds
Fairway,418,4.2301,Yds
Fairway,419,4.2346,Yds
Fairway,420,4.2391,Yds
Fairway,421,4.2436,Yds
Fairway,422,4.2481,Yds
Fairway,423,4.2526,Yds
Fairway,424,4.2571,Yds
Fairway,425,4.2616,Yds
Fairway,426,4.2661,Yds
Fairway,427,4.2706,Yds
Fairway,428,4.2751,Yds
Fairway,429,4.2796,Yds
Fairway,430,4.2841,Yds
Fairway,431,4.2886,Yds
Fairway,432,4.2931,Yds
Fairway,433,4.2976,Yds
Fairway,434,4.3021,Yds
Fairway,435,4.3066,Yds
Fairway,436,4.3111,Yds
Fairway,437,4.3156,Yds
Fairway,438,4.3201,Yds
Fairway,439,4.3246,Yds
Fairway,440,4.3291,Yds
Fairway,441,4.3336,Yds
Fairway,442,4.3381,Yds
Fairway,443,4.3426,Yds
Fairway,444,4.3471,Yds
Fairway,445,4.3516,Yds
Fairway,446,4.3561,Yds
Fairway,447,4.3606,Yds
Fairway,448,4.3651,Yds
Fairway,449,4.3696,Yds
Fairway,450,4.3741,Yds
Fairway,451,4.3786,Yds
Fairway,452,4.3831,Yds
Fairway,453,4.3876,Yds
Fairway,454,4.3921,Yds
Fairway,455,4.3966,Yds
Fairway,456,4.4011,Yds
Fairway,457,4.4056,Yds
Fairway,458,4.4101,Yds
Fairway,459,4.4146,Yds
Fairway,460,4.4191,Yds
Fairway,461,4.4236,Yds
Fairway,462,4.4281,Yds
Fairway,463,4.4326,Yds
Fairway,464,4.4371,Yds
Fairway,465,4.4416,Yds
Fairway,466,4.4461,Yds
Fairway,467,4.4506,Yds
Fairway,468,4.4551,Yds
Fairway,469,4.4596,Yds
Fairway,470,4.4641,Yds
Fairway,471,4.4686,Yds
Fairway,472,4.4731,Yds
Fairway,473,4.4776,Yds
Fairway,474,4.4821,Yds
Fairway,475,4.4866,Yds
Fairway,476,4.4911,Yds
Fairway,477,4.4956,Yds
Fairway,478,4.5001,Yds
Fairway,479,4.5046,Yds
Fairway,480,4.5091,Yds
Fairway,481,4.5136,Yds
Fairway,482,4.5181,Yds
Fairway,483,4.5226,Yds
Fairway,484,4.5271,Yds
Fairway,485,4.5316,Yds
Fairway,486,4.5361,Yds
Fairway,487,4.5406,Yds
Fairway,488,4.5451,Yds
Fairway,489,4.5496,Yds
Fairway,490,4.5541,Yds
Fairway,491,4.5586,Yds
Fairway,492,4.5631,Yds
Fairway,493,4.5676,Yds
Fairway,494,4.5721,Yds
Fairway,495,4.5766,Yds
Fairway,496,4.5811,Yds
Fairway,497,4.5856,Yds
Fairway,498,4.5901,Yds
Fairway,499,4.5946,Yds
Fairway,500,4.5991,Yds
Fairway,501,4.6036,Yds
Fairway,502,4.6081,Yds
Fairway,503,4.6126,Yds
Fairway,504,4.6171,Yds
Fairway,505,4.6216,Yds
Fairway,506,4.6261,Yds
Fairway,507,4.6306,Yds
Fairway,508,4.6351,Yds
Fairway,509,4.6396,Yds
Fairway,510,4.6441,Yds
Fairway,511,4.6486,Yds
Fairway,512,4.6531,Yds
Fairway,513,4.6576,Yds
Fairway,514,4.6621,Yds
Fairway,515,4.6666,Yds
Fairway,516,4.6711,Yds
Fairway,517,4.6756,Yds
Fairway,518,4.6801,Yds
Fairway,519,4.6846,Yds
Fairway,520,4.6891,Yds
Fairway,521,4.6936,Yds
Fairway,522,4.6981,Yds
Fairway,523,4.7026,Yds
Fairway,524,4.7071,Yds
Fairway,525,4.7116,Yds
Fairway,526,4.7161,Yds
Fairway,527,4.7206,Yds
Fairway,528,4.7251,Yds
Fairway,529,4.7296,Yds
Fairway,530,4.7341,Yds
Fairway,531,4.7386,Yds
Fairway,532,4.7431,Yds
Fairway,533,4.7476,Yds
Fairway,534,4.7521,Yds
Fairway,535,4.7566,Yds
Fairway,536,4.7611,Yds
Fairway,537,4.7656,Yds
Fairway,538,4.7701,Yds
Fairway,539,4.7746,Yds
Fairway,540,4.7791,Yds
Fairway,541,4.7836,Yds
Fairway,542,4.7881,Yds
Fairway,543,4.7926,Yds
Fairway,544,4.7971,Yds
Fairway,545,4.8016,Yds
Fairway,546,4.8061,Yds
Fairway,547,4.8106,Yds
Fairway,548,4.8151,Yds
Fairway,549,4.8196,Yds
Fairway,550,4.8241,Yds
Fairway,551,4.8286,Yds
Fairway,552,4.8331,Yds
Fairway,553,4.8376,Yds
Fairway,554,4.8421,Yds
Fairway,555,4.8466,Yds
Fairway,556,4.8511,Yds
Fairway,557,4.8556,Yds
Fairway,558,4.8601,Yds
Fairway,559,4.8646,Yds
Fairway,560,4.8691,Yds
Fairway,561,4.8736,Yds
Fairway,562,4.8781,Yds
Fairway,563,4.8826,Yds
Fairway,564,4.8871,Yds
Fairway,565,4.8916,Yds
Fairway,566,4.8961,Yds
Fairway,567,4.9006,Yds
Fairway,568,4.9051,Yds
Fairway,569,4.9096,Yds
Fairway,570,4.9141,Yds
Fairway,571,4.9186,Yds
Fairway,572,4.9231,Yds
Fairway,573,4.9276,Yds
Fairway,574,4.9321,Yds
Fairway,575,4.9366,Yds
Fairway,576,4.9411,Yds
Fairway,577,4.9456,Yds
Fairway,578,4.9501,Yds
Fairway,579,4.9546,Yds
Fairway,580,4.9591,Yds
Fairway,581,4.9636,Yds
Fairway,582,4.9681,Yds
Fairway,583,4.9726,Yds
Fairway,584,4.9771,Yds
Fairway,585,4.9816,Yds
Fairway,586,4.9861,Yds
Fairway,587,4.9906,Yds
Fairway,588,4.9951,Yds
Fairway,589,4.9996,Yds
Fairway,590,5.0041,Yds
Fairway,591,5.0086,Yds
Fairway,592,5.0131,Yds
Fairway,593,5.0176,Yds
Fairway,594,5.0221,Yds
Fairway,595,5.0266,Yds
Fairway,596,5.0311,Yds
Fairway,597,5.0356,Yds
Fairway,598,5.0401,Yds
Fairway,599,5.0446,Yds
Fairway,600,5.0491,Yds
Fairway,601,5.0536,Yds
Fairway,602,5.0581,Yds
Fairway,603,5.0626,Yds
Fairway,604,5.0671,Yds
Fairway,605,5.0716,Yds
Fairway,606,5.0761,Yds
Fairway,607,5.0806,Yds
Fairway,608,5.0851,Yds
Fairway,609,5.0896,Yds
Fairway,610,5.0941,Yds
Fairway,611,5.0986,Yds
Fairway,612,5.1031,Yds
Fairway,613,5.1076,Yds
Fairway,614,5.1121,Yds
Fairway,615,5.1166,Yds
Fairway,616,5.1211,Yds
Fairway,617,5.1256,Yds
Fairway,618,5.1301,Yds
Fairway,619,5.1346,Yds
Fairway,620,5.1391,Yds
Fairway,621,5.1436,Yds
Fairway,622,5.1481,Yds
Fairway,623,5.1526,Yds
Fairway,624,5.1571,Yds
Fairway,625,5.1616,Yds
Fairway,626,5.1661,Yds
Fairway,627,5.1706,Yds
Fairway,628,5.1751,Yds
Fairway,629,5.1796,Yds
Fairway,630,5.1841,Yds
Fairway,631,5.1886,Yds
Fairway,632,5.1931,Yds
Fairway,633,5.1976,Yds
Fairway,634,5.2021,Yds
Fairway,635,5.2066,Yds
Fairway,636,5.2111,Yds
Fairway,637,5.2156,Yds
Fairway,638,5.2201,Yds
Fairway,639,5.2246,Yds
Fairway,640,5.2291,Yds
Fairway,641,5.2336,Yds
Fairway,642,5.2381,Yds
Fairway,643,5.2426,Yds
Fairway,644,5.2471,Yds
Fairway,645,5.2516,Yds
Fairway,646,5.2561,Yds
Fairway,647,5.2606,Yds
Fairway,648,5.2651,Yds
Fairway,649,5.2696,Yds
Fairway,650,5.2741,Yds
Fairway,651,5.2786,Yds
Fairway,652,5.2831,Yds
Fairway,653,5.2876,Yds
Fairway,654,5.2921,Yds
Fairway,655,5.2966,Yds
Fairway,656,5.3011,Yds
Fairway,657,5.3056,Yds
Fairway,658,5.3101,Yds
Fairway,659,5.3146,Yds
Fairway,660,5.3191,Yds
Fairway,661,5.3236,Yds
Fairway,662,5.3281,Yds
Fairway,663,5.3326,Yds
Fairway,664,5.3371,Yds
Fairway,665,5.3416,Yds
Fairway,666,5.3461,Yds
Fairway,667,5.3506,Yds
Fairway,668,5.3551,Yds
Fairway,669,5.3596,Yds
Fairway,670,5.3641,Yds
Fairway,671,5.3686,Yds
Fairway,672,5.3731,Yds
Fairway,673,5.3776,Yds
Fairway,674,5.3821,Yds
Fairway,675,5.3866,Yds
Fairway,676,5.3911,Yds
Fairway,677,5.3956,Yds
Fairway,678,5.4001,Yds
Fairway,679,5.4046,Yds
Fairway,680,5.4091,Yds
Fairway,681,5.4136,Yds
Fairway,682,5.4181,Yds
Fairway,683,5.4226,Yds
Fairway,684,5.4271,Yds
Fairway,685,5.4316,Yds
Fairway,686,5.4361,Yds
Fairway,687,5.4406,Yds
Fairway,688,5.4451,Yds
Fairway,689,5.4496,Yds
Fairway,690,5.4541,Yds
Fairway,691,5.4586,Yds
Fairway,692,5.4631,Yds
Fairway,693,5.4676,Yds
Fairway,694,5.4721,Yds
Fairway,695,5.4766,Yds
Fairway,696,5.4811,Yds
Fairway,697,5.4856,Yds
Fairway,698,5.4901,Yds
Fairway,699,5.4946,Yds
Fairway,700,5.4991,Yds
Rough,20,2.6653,Yds
Rough,21,2.6696,Yds
Rough,22,2.6739,Yds
Rough,23,2.6782,Yds
Rough,24,2.6825,Yds
Rough,25,2.6868,Yds
Rough,26,2.6911,Yds
Rough,27,2.6954,Yds
Rough,28,2.6997,Yds
Rough,29,2.704,Yds
Rough,30,2.7083,Yds
Rough,31,2.7126,Yds
Rough,32,2.7169,Yds
Rough,33,2.7212,Yds
Rough,34,2.7255,Yds
Rough,35,2.7298,Yds
Rough,36,2.7341,Yds
Rough,37,2.7384,Yds
Rough,38,2.7427,Yds
Rough,39,2.747,Yds
Rough,40,2.7513,Yds
Rough,41,2.7556,Yds
Rough,42,2.7599,Yds
Rough,43,2.7642,Yds
Rough,44,2.7685,Yds
Rough,45,2.7728,Yds
Rough,46,2.7771,Yds
Rough,47,2.7814,Yds
Rough,48,2.7857,Yds
Rough,49,2.79,Yds
Rough,50,2.7943,Yds
Rough,51,2.7986,Yds
Rough,52,2.8029,Yds
Rough,53,2.8072,Yds
Rough,54,2.8115,Yds
Rough,55,2.8158,Yds
Rough,56,2.8201,Yds
Rough,57,2.8244,Yds
Rough,58,2.8287,Yds
Rough,59,2.833,Yds
Rough,60,2.8373,Yds
Rough,61,2.8416,Yds
Rough,62,2.8459,Yds
Rough,63,2.8502,Yds
Rough,64,2.8545,Yds
Rough,65,2.8588,Yds
Rough,66,2.8631,Yds
Rough,67,2.8674,Yds
Rough,68,2.8717,Yds
Rough,69,2.876,Yds
Rough,70,2.8803,Yds
Rough,71,2.8846,Yds
Rough,72,2.8889,Yds
Rough,73,2.8932,Yds
Rough,74,2.8975,Yds
Rough,75,2.9018,Yds
Rough,76,2.9061,Yds
Rough,77,2.9104,Yds
Rough,78,2.9147,Yds
Rough,79,2.919,Yds
Rough,80,2.9233,Yds
Rough,81,2.9276,Yds
Rough,82,2.9319,Yds
Rough,83,2.9362,Yds
Rough,84,2.9405,Yds
Rough,85,2.9448,Yds
Rough,86,2.9491,Yds
Rough,87,2.9534,Yds
Rough,88,2.9577,Yds
Rough,89,2.962,Yds
Rough,90,2.9663,Yds
Rough,91,2.9706,Yds
Rough,92,2.9749,Yds
Rough,93,2.9792,Yds
Rough,94,2.9835,Yds
Rough,95,2.9878,Yds
Rough,96,2.9921,Yds
Rough,97,2.9964,Yds
Rough,98,3.0007,Yds
Rough,99,3.005,Yds
Rough,100,3.0093,Yds
Rough,101,3.0136,Yds
Rough,102,3.0179,Yds
Rough,103,3.0222,Yds
Rough,104,3.0265,Yds
Rough,105,3.0308,Yds
Rough,106,3.0351,Yds
Rough,107,3.0394,Yds
Rough,108,3.0437,Yds
Rough,109,3.048,Yds
Rough,110,3.0523,Yds
Rough,111,3.0566,Yds
Rough,112,3.0609,Yds
Rough,113,3.0652,Yds
Rough,114,3.0695,Yds
Rough,115,3.0738,Yds
Rough,116,3.0781,Yds
Rough,117,3.0824,Yds
Rough,118,3.0867,Yds
Rough,119,3.091,Yds
Rough,120,3.0953,Yds
Rough,121,3.0996,Yds
Rough,122,3.1039,Yds
Rough,123,3.1082,Yds
Rough,124,3.1125,Yds
Rough,125,3.1168,Yds
Rough,126,3.1211,Yds
Rough,127,3.1254,Yds
Rough,128,3.1297,Yds
Rough,129,3.134,Yds
Rough,130,3.1383,Yds
Rough,131,3.1426,Yds
Rough,132,3.1469,Yds
Rough,133,3.1512,Yds
Rough,134,3.1555,Yds
Rough,135,3.1598,Yds
Rough,136,3.1641,Yds
Rough,137,3.1684,Yds
Rough,138,3.1727,Yds
Rough,139,3.177,Yds
Rough,140,3.1813,Yds
Rough,141,3.1856,Yds
Rough,142,3.1899,Yds
Rough,143,3.1942,Yds
Rough,144,3.1985,Yds
Rough,145,3.2028,Yds
Rough,146,3.2071,Yds
Rough,147,3.2114,Yds
Rough,148,3.2157,Yds
Rough,149,3.22,Yds
Rough,150,3.2243,Yds
Rough,151,3.2286,Yds
Rough,152,3.2329,Yds
Rough,153,3.2372,Yds
Rough,154,3.2415,Yds
Rough,155,3.2458,Yds
Rough,156,3.2501,Yds
Rough,157,3.2544,Yds
Rough,158,3.2587,Yds
Rough,159,3.263,Yds
Rough,160,3.2673,Yds
Rough,161,3.2716,Yds
Rough,162,3.2759,Yds
Rough,163,3.2802,Yds
Rough,164,3.2845,Yds
Rough,165,3.2888,Yds
Rough,166,3.2931,Yds
Rough,167,3.2974,Yds
Rough,168,3.3017,Yds
Rough,169,3.306,Yds
Rough,170,3.3103,Yds
Rough,171,3.3146,Yds
Rough,172,3.3189,Yds
Rough,173,3.3232,Yds
Rough,174,3.3275,Yds
Rough,175,3.3318,Yds
Rough,176,3.3361,Yds
Rough,177,3.3404,Yds
Rough,178,3.3447,Yds
Rough,179,3.349,Yds
Rough,180,3.3533,Yds
Rough,181,3.3576,Yds
Rough,182,3.3619,Yds
Rough,183,3.3662,Yds
Rough,184,3.3705,Yds
Rough,185,3.3748,Yds
Rough,186,3.3791,Yds
Rough,187,3.3834,Yds
Rough,188,3.3877,Yds
Rough,189,3.392,Yds
Rough,190,3.3963,Yds
Rough,191,3.4006,Yds
Rough,192,3.4049,Yds
Rough,193,3.4092,Yds
Rough,194,3.4135,Yds
Rough,195,3.4178,Yds
Rough,196,3.4221,Yds
Rough,197,3.4264,Yds
Rough,198,3.4307,Yds
Rough,199,3.435,Yds
Rough,200,3.4393,Yds
Rough,201,3.4436,Yds
Rough,202,3.4479,Yds
Rough,203,3.4522,Yds
Rough,204,3.4565,Yds
Rough,205,3.4608,Yds
Rough,206,3.4651,Yds
Rough,207,3.4694,Yds
Rough,208,3.4737,Yds
Rough,209,3.478,Yds
Rough,210,3.4823,Yds
Rough,211,3.4866,Yds
Rough,212,3.4909,Yds
Rough,213,3.4952,Yds
Rough,214,3.4995,Yds
Rough,215,3.5038,Yds
Rough,216,3.5081,Yds
Rough,217,3.5124,Yds
Rough,218,3.5167,Yds
Rough,219,3.521,Yds
Rough,220,3.5253,Yds
Rough,221,3.5296,Yds
Rough,222,3.5339,Yds
Rough,223,3.5382,Yds
Rough,224,3.5425,Yds
Rough,225,3.5468,Yds
Rough,226,3.5511,Yds
Rough,227,3.5554,Yds
Rough,228,3.5597,Yds
Rough,229,3.564,Yds
Rough,230,3.5683,Yds
Rough,231,3.5726,Yds
Rough,232,3.5769,Yds
Rough,233,3.5812,Yds
Rough,234,3.5855,Yds
Rough,235,3.5898,Yds
Rough,236,3.5941,Yds
Rough,237,3.5984,Yds
Rough,238,3.6027,Yds
Rough,239,3.607,Yds
Rough,240,3.6113,Yds
Rough,241,3.6156,Yds
Rough,242,3.6199,Yds
Rough,243,3.6242,Yds
Rough,244,3.6285,Yds
Rough,245,3.6328,Yds
Rough,246,3.6371,Yds
Rough,247,3.6414,Yds
Rough,248,3.6457,Yds
Rough,249,3.65,Yds
Rough,250,3.6543,Yds
Rough,251,3.6586,Yds
Rough,252,3.6629,Yds
Rough,253,3.6672,Yds
Rough,254,3.6715,Yds
Rough,255,3.6758,Yds
Rough,256,3.6801,Yds
Rough,257,3.6844,Yds
Rough,258,3.6887,Yds
Rough,259,3.693,Yds
Rough,260,3.6973,Yds
Rough,261,3.7016,Yds
Rough,262,3.7059,Yds
Rough,263,3.7102,Yds
Rough,264,3.7145,Yds
Rough,265,3.7188,Yds
Rough,266,3.7231,Yds
Rough,267,3.7274,Yds
Rough,268,3.7317,Yds
Rough,269,3.736,Yds
Rough,270,3.7403,Yds
Rough,271,3.7446,Yds
Rough,272,3.7489,Yds
Rough,273,3.7532,Yds
Rough,274,3.7575,Yds
Rough,275,3.7618,Yds
Rough,276,3.7661,Yds
Rough,277,3.7704,Yds
Rough,278,3.7747,Yds
Rough,279,3.779,Yds
Rough,280,3.7833,Yds
Rough,281,3.7876,Yds
Rough,282,3.7919,Yds
Rough,283,3.7962,Yds
Rough,284,3.8005,Yds
Rough,285,3.8048,Yds
Rough,286,3.8091,Yds
Rough,287,3.8134,Yds
Rough,288,3.8177,Yds
Rough,289,3.822,Yds
Rough,290,3.8263,Yds
Rough,291,3.8306,Yds
Rough,292,3.8349,Yds
Rough,293,3.8392,Yds
Rough,294,3.8435,Yds
Rough,295,3.8478,Yds
Rough,296,3.8521,Yds
Rough,297,3.8564,Yds
Rough,298,3.8607,Yds
Rough,299,3.865,Yds
Rough,300,3.8693,Yds
Rough,301,3.8736,Yds
Rough,302,3.8779,Yds
Rough,303,3.8822,Yds
Rough,304,3.8865,Yds
Rough,305,3.8908,Yds
Rough,306,3.8951,Yds
Rough,307,3.8994,Yds
Rough,308,3.9037,Yds
Rough,309,3.908,Yds
Rough,310,3.9123,Yds
Rough,311,3.9166,Yds
Rough,312,3.9209,Yds
Rough,313,3.9252,Yds
Rough,314,3.9295,Yds
Rough,315,3.9338,Yds
Rough,316,3.9381,Yds
Rough,317,3.9424,Yds
Rough,318,3.9467,Yds
Rough,319,3.951,Yds
Rough,320,3.9553,Yds
Rough,321,3.9596,Yds
Rough,322,3.9639,Yds
Rough,323,3.9682,Yds
Rough,324,3.9725,Yds
Rough,325,3.9768,Yds
Rough,326,3.9811,Yds
Rough,327,3.9854,Yds
Rough,328,3.9897,Yds
Rough,329,3.994,Yds
Rough,330,3.9983,Yds
Rough,331,4.0026,Yds
Rough,332,4.0069,Yds
Rough,333,4.0112,Yds
Rough,334,4.0155,Yds
Rough,335,4.0198,Yds
Rough,336,4.0241,Yds
Rough,337,4.0284,Yds
Rough,338,4.0327,Yds
Rough,339,4.037,Yds
Rough,340,4.0413,Yds
Rough,341,4.0456,Yds
Rough,342,4.0499,Yds
Rough,343,4.0542,Yds
Rough,344,4.0585,Yds
Rough,345,4.0628,Yds
Rough,346,4.0671,Yds
Rough,347,4.0714,Yds
Rough,348,4.0757,Yds
Rough,349,4.08,Yds
Rough,350,4.0843,Yds
Rough,351,4.0886,Yds
Rough,352,4.0929,Yds
Rough,353,4.0972,Yds
Rough,354,4.1015,Yds
Rough,355,4.1058,Yds
Rough,356,4.1101,Yds
Rough,357,4.1144,Yds
Rough,358,4.1187,Yds
Rough,359,4.123,Yds
Rough,360,4.1273,Yds
Rough,361,4.1316,Yds
Rough,362,4.1359,Yds
Rough,363,4.1402,Yds
Rough,364,4.1445,Yds
Rough,365,4.1488,Yds
Rough,366,4.1531,Yds
Rough,367,4.1574,Yds
Rough,368,4.1617,Yds
Rough,369,4.166,Yds
Rough,370,4.1703,Yds
Rough,371,4.1746,Yds
Rough,372,4.1789,Yds
Rough,373,4.1832,Yds
Rough,374,4.1875,Yds
Rough,375,4.1918,Yds
Rough,376,4.1961,Yds
Rough,377,4.2004,Yds
Rough,378,4.2047,Yds
Rough,379,4.209,Yds
Rough,380,4.2133,Yds
Rough,381,4.2176,Yds
Rough,382,4.2219,Yds
Rough,383,4.2262,Yds
Rough,384,4.2305,Yds
Rough,385,4.2348,Yds
Rough,386,4.2391,Yds
Rough,387,4.2434,Yds
Rough,388,4.2477,Yds
Rough,389,4.252,Yds
Rough,390,4.2563,Yds
Rough,391,4.2606,Yds
Rough,392,4.2649,Yds
Rough,393,4.2692,Yds
Rough,394,4.2735,Yds
Rough,395,4.2778,Yds
Rough,396,4.2821,Yds
Rough,397,4.2864,Yds
Rough,398,4.2907,Yds
Rough,399,4.295,Yds
Rough,400,4.2993,Yds
Rough,401,4.3036,Yds
Rough,402,4.3079,Yds
Rough,403,4.3122,Yds
Rough,404,4.3165,Yds
Rough,405,4.3208,Yds
Rough,406,4.3251,Yds
Rough,407,4.3294,Yds
Rough,408,4.3337,Yds
Rough,409,4.338,Yds
Rough,410,4.3423,Yds
Rough,411,4.3466,Yds
Rough,412,4.3509,Yds
Rough,413,4.3552,Yds
Rough,414,4.3595,Yds
Rough,415,4.3638,Yds
Rough,416,4.3681,Yds
Rough,417,4.3724,Yds
Rough,418,4.3767,Yds
Rough,419,4.381,Yds
Rough,420,4.3853,Yds
Rough,421,4.3896,Yds
Rough,422,4.3939,Yds
Rough,423,4.3982,Yds
Rough,424,4.4025,Yds
Rough,425,4.4068,Yds
Rough,426,4.4111,Yds
Rough,427,4.4154,Yds
Rough,428,4.4197,Yds
Rough,429,4.424,Yds
Rough,430,4.4283,Yds
Rough,431,4.4326,Yds
Rough,432,4.4369,Yds
Rough,433,4.4412,Yds
Rough,434,4.4455,Yds
Rough,435,4.4498,Yds
Rough,436,4.4541,Yds
Rough,437,4.4584,Yds
Rough,438,4.4627,Yds
Rough,439,4.467,Yds
Rough,440,4.4713,Yds
Rough,441,4.4756,Yds
Rough,442,4.4799,Yds
Rough,443,4.4842,Yds
Rough,444,4.4885,Yds
Rough,445,4.4928,Yds
Rough,446,4.4971,Yds
Rough,447,4.5014,Yds
Rough,448,4.5057,Yds
Rough,449,4.51,Yds
Rough,450,4.5143,Yds
Rough,451,4.5186,Yds
Rough,452,4.5229,Yds
Rough,453,4.5272,Yds
Rough,454,4.5315,Yds
Rough,455,4.5358,Yds
Rough,456,4.5401,Yds
Rough,457,4.5444,Yds
Rough,458,4.5487,Yds
Rough,459,4.553,Yds
Rough,460,4.5573,Yds
Rough,461,4.5616,Yds
Rough,462,4.5659,Yds
Rough,463,4.5702,Yds
Rough,464,4.5745,Yds
Rough,465,4.5788,Yds
Rough,466,4.5831,Yds
Rough,467,4.5874,Yds
Rough,468,4.5917,Yds
Rough,469,4.596,Yds
Rough,470,4.6003,Yds
Rough,471,4.6046,Yds
Rough,472,4.6089,Yds
Rough,473,4.6132,Yds
Rough,474,4.6175,Yds
Rough,475,4.6218,Yds
Rough,476,4.6261,Yds
Rough,477,4.6304,Yds
Rough,478,4.6347,Yds
Rough,479,4.639,Yds
Rough,480,4.6433,Yds
Rough,481,4.6476,Yds
Rough,482,4.6519,Yds
Rough,483,4.6562,Yds
Rough,484,4.6605,Yds
Rough,485,4.6648,Yds
Rough,486,4.6691,Yds
Rough,487,4.6734,Yds
Rough,488,4.6777,Yds
Rough,489,4.682,Yds
Rough,490,4.6863,Yds
Rough,491,4.6906,Yds
Rough,492,4.6949,Yds
Rough,493,4.6992,Yds
Rough,494,4.7035,Yds
Rough,495,4.7078,Yds
Rough,496,4.7121,Yds
Rough,497,4.7164,Yds
Rough,498,4.7207,Yds
Rough,499,4.725,Yds
Rough,500,4.7293,Yds
Rough,501,4.7336,Yds
Rough,502,4.7379,Yds
Rough,503,4.7422,Yds
Rough,504,4.7465,Yds
Rough,505,4.7508,Yds
Rough,506,4.7551,Yds
Rough,507,4.7594,Yds
Rough,508,4.7637,Yds
Rough,509,4.768,Yds
Rough,510,4.7723,Yds
Rough,511,4.7766,Yds
Rough,512,4.7809,Yds
Rough,513,4.7852,Yds
Rough,514,4.7895,Yds
Rough,515,4.7938,Yds
Rough,516,4.7981,Yds
Rough,517,4.8024,Yds
Rough,518,4.8067,Yds
Rough,519,4.811,Yds
Rough,520,4.8153,Yds
Rough,521,4.8196,Yds
Rough,522,4.8239,Yds
Rough,523,4.8282,Yds
Rough,524,4.8325,Yds
Rough,525,4.8368,Yds
Rough,526,4.8411,Yds
Rough,527,4.8454,Yds
Rough,528,4.8497,Yds
Rough,529,4.854,Yds
Rough,530,4.8583,Yds
Rough,531,4.8626,Yds
Rough,532,4.8669,Yds
Rough,533,4.8712,Yds
Rough,534,4.8755,Yds
Rough,535,4.8798,Yds
Rough,536,4.8841,Yds
Rough,537,4.8884,Yds
Rough,538,4.8927,Yds
Rough,539,4.897,Yds
Rough,540,4.9013,Yds
Rough,541,4.9056,Yds
Rough,542,4.9099,Yds
Rough,543,4.9142,Yds
Rough,544,4.9185,Yds
Rough,545,4.9228,Yds
Rough,546,4.9271,Yds
Rough,547,4.9314,Yds
Rough,548,4.9357,Yds
Rough,549,4.94,Yds
Rough,550,4.9443,Yds
Rough,551,4.9486,Yds
Rough,552,4.9529,Yds
Rough,553,4.9572,Yds
Rough,554,4.9615,Yds
Rough,555,4.9658,Yds
Rough,556,4.9701,Yds
Rough,557,4.9744,Yds
Rough,558,4.9787,Yds
Rough,559,4.983,Yds
Rough,560,4.9873,Yds
Rough,561,4.9916,Yds
Rough,562,4.9959,Yds
Rough,563,5.0002,Yds
Rough,564,5.0045,Yds
Rough,565,5.0088,Yds
Rough,566,5.0131,Yds
Rough,567,5.0174,Yds
Rough,568,5.0217,Yds
Rough,569,5.026,Yds
Rough,570,5.0303,Yds
Rough,571,5.0346,Yds
Rough,572,5.0389,Yds
Rough,573,5.0432,Yds
Rough,574,5.0475,Yds
Rough,575,5.0518,Yds
Rough,576,5.0561,Yds
Rough,577,5.0604,Yds
Rough,578,5.0647,Yds
Rough,579,5.069,Yds
Rough,580,5.0733,Yds
Rough,581,5.0776,Yds
Rough,582,5.0819,Yds
Rough,583,5.0862,Yds
Rough,584,5.0905,Yds
Rough,585,5.0948,Yds
Rough,586,5.0991,Yds
Rough,587,5.1034,Yds
Rough,588,5.1077,Yds
Rough,589,5.112,Yds
Rough,590,5.1163,Yds
Rough,591,5.1206,Yds
Rough,592,5.1249,Yds
Rough,593,5.1292,Yds
Rough,594,5.1335,Yds
Rough,595,5.1378,Yds
Rough,596,5.1421,Yds
Rough,597,5.1464,Yds
Rough,598,5.1507,Yds
Rough,599,5.155,Yds
Rough,600,5.1593,Yds
Rough,601,5.1636,Yds
Rough,602,5.1679,Yds
Rough,603,5.1722,Yds
Rough,604,5.1765,Yds
Rough,605,5.1808,Yds
Rough,606,5.1851,Yds
Rough,607,5.1894,Yds
Rough,608,5.1937,Yds
Rough,609,5.198,Yds
Rough,610,5.2023,Yds
Rough,611,5.2066,Yds
Rough,612,5.2109,Yds
Rough,613,5.2152,Yds
Rough,614,5.2195,Yds
Rough,615,5.2238,Yds
Rough,616,5.2281,Yds
Rough,617,5.2324,Yds
Rough,618,5.2367,Yds
Rough,619,5.241,Yds
Rough,620,5.2453,Yds
Rough,621,5.2496,Yds
Rough,622,5.2539,Yds
Rough,623,5.2582,Yds
Rough,624,5.2625,Yds
Rough,625,5.2668,Yds
Rough,626,5.2711,Yds
Rough,627,5.2754,Yds
Rough,628,5.2797,Yds
Rough,629,5.284,Yds
Rough,630,5.2883,Yds
Rough,631,5.2926,Yds
Rough,632,5.2969,Yds
Rough,633,5.3012,Yds
Rough,634,5.3055,Yds
Rough,635,5.3098,Yds
Rough,636,5.3141,Yds
Rough,637,5.3184,Yds
Rough,638,5.3227,Yds
Rough,639,5.327,Yds
Rough,640,5.3313,Yds
Rough,641,5.3356,Yds
Rough,642,5.3399,Yds
Rough,643,5.3442,Yds
Rough,644,5.3485,Yds
Rough,645,5.3528,Yds
Rough,646,5.3571,Yds
Rough,647,5.3614,Yds
Rough,648,5.3657,Yds
Rough,649,5.37,Yds
Rough,650,5.3743,Yds
Rough,651,5.3786,Yds
Rough,652,5.3829,Yds
Rough,653,5.3872,Yds
Rough,654,5.3915,Yds
Rough,655,5.3958,Yds
Rough,656,5.4001,Yds
Rough,657,5.4044,Yds
Rough,658,5.4087,Yds
Rough,659,5.413,Yds
Rough,660,5.4173,Yds
Rough,661,5.4216,Yds
Rough,662,5.4259,Yds
Rough,663,5.4302,Yds
Rough,664,5.4345,Yds
Rough,665,5.4388,Yds
Rough,666,5.4431,Yds
Rough,667,5.4474,Yds
Rough,668,5.4517,Yds
Rough,669,5.456,Yds
Rough,670,5.4603,Yds
Rough,671,5.4646,Yds
Rough,672,5.4689,Yds
Rough,673,5.4732,Yds
Rough,674,5.4775,Yds
Rough,675,5.4818,Yds
Rough,676,5.4861,Yds
Rough,677,5.4904,Yds
Rough,678,5.4947,Yds
Rough,679,5.499,Yds
Rough,680,5.5033,Yds
Rough,681,5.5076,Yds
Rough,682,5.5119,Yds
Rough,683,5.5162,Yds
Rough,684,5.5205,Yds
Rough,685,5.5248,Yds
Rough,686,5.5291,Yds
Rough,687,5.5334,Yds
Rough,688,5.5377,Yds
Rough,689,5.542,Yds
Rough,690,5.5463,Yds
Rough,691,5.5506,Yds
Rough,692,5.5549,Yds
Rough,693,5.5592,Yds
Rough,694,5.5635,Yds
Rough,695,5.5678,Yds
Rough,696,5.5721,Yds
Rough,697,5.5764,Yds
Rough,698,5.5807,Yds
Rough,699,5.585,Yds
Rough,700,5.5893,Yds
Bunker,1,2.6,Yds
Bunker,2,2.6,Yds
Bunker,3,2.6,Yds
Bunker,4,2.6,Yds
Bunker,5,2.6,Yds
Bunker,6,2.6,Yds
Bunker,7,2.6,Yds
Bunker,8,2.6,Yds
Bunker,9,2.6,Yds
Bunker,10,2.6,Yds
Bunker,11,2.6,Yds
Bunker,12,2.6,Yds
Bunker,13,2.6,Yds
Bunker,14,2.6,Yds
Bunker,15,2.6,Yds
Bunker,16,2.6,Yds
Bunker,17,2.6,Yds
Bunker,18,2.6,Yds
Bunker,19,2.6,Yds
Bunker,20,2.7298,Yds
Bunker,21,2.7347,Yds
Bunker,22,2.7396,Yds
Bunker,23,2.7445,Yds
Bunker,24,2.7494,Yds
Bunker,25,2.7543,Yds
Bunker,26,2.7592,Yds
Bunker,27,2.7641,Yds
Bunker,28,2.769,Yds
Bunker,29,2.7739,Yds
Bunker,30,2.7788,Yds
Bunker,31,2.7837,Yds
Bunker,32,2.7886,Yds
Bunker,33,2.7935,Yds
Bunker,34,2.7984,Yds
Bunker,35,2.8033,Yds
Bunker,36,2.8082,Yds
Bunker,37,2.8131,Yds
Bunker,38,2.818,Yds
Bunker,39,2.8229,Yds
Bunker,40,2.8278,Yds
Bunker,41,2.8327,Yds
Bunker,42,2.8376,Yds
Bunker,43,2.8425,Yds
Bunker,44,2.8474,Yds
Bunker,45,2.8523,Yds
Bunker,46,2.8572,Yds
Bunker,47,2.8621,Yds
Bunker,48,2.867,Yds
Bunker,49,2.8719,Yds
Bunker,50,2.8768,Yds
Bunker,51,2.8817,Yds
Bunker,52,2.8866,Yds
Bunker,53,2.8915,Yds
Bunker,54,2.8964,Yds
Bunker,55,2.9013,Yds
Bunker,56,2.9062,Yds
Bunker,57,2.9111,Yds
Bunker,58,2.916,Yds
Bunker,59,2.9209,Yds
Bunker,60,2.9258,Yds
Bunker,61,2.9307,Yds
Bunker,62,2.9356,Yds
Bunker,63,2.9405,Yds
Bunker,64,2.9454,Yds
Bunker,65,2.9503,Yds
Bunker,66,2.9552,Yds
Bunker,67,2.9601,Yds
Bunker,68,2.965,Yds
Bunker,69,2.9699,Yds
Bunker,70,2.9748,Yds
Bunker,71,2.9797,Yds
Bunker,72,2.9846,Yds
Bunker,73,2.9895,Yds
Bunker,74,2.9944,Yds
Bunker,75,2.9993,Yds
Bunker,76,3.0042,Yds
Bunker,77,3.0091,Yds
Bunker,78,3.014,Yds
Bunker,79,3.0189,Yds
Bunker,80,3.0238,Yds
Bunker,81,3.0287,Yds
Bunker,82,3.0336,Yds
Bunker,83,3.0385,Yds
Bunker,84,3.0434,Yds
Bunker,85,3.0483,Yds
Bunker,86,3.0532,Yds
Bunker,87,3.0581,Yds
Bunker,88,3.063,Yds
Bunker,89,3.0679,Yds
Bunker,90,3.0728,Yds
Bunker,91,3.0777,Yds
Bunker,92,3.0826,Yds
Bunker,93,3.0875,Yds
Bunker,94,3.0924,Yds
Bunker,95,3.0973,Yds
Bunker,96,3.1022,Yds
Bunker,97,3.1071,Yds
Bunker,98,3.112,Yds
Bunker,99,3.1169,Yds
Bunker,100,3.1218,Yds
Bunker,101,3.1267,Yds
Bunker,102,3.1316,Yds
Bunker,103,3.1365,Yds
Bunker,104,3.1414,Yds
Bunker,105,3.1463,Yds
Bunker,106,3.1512,Yds
Bunker,107,3.1561,Yds
Bunker,108,3.161,Yds
Bunker,109,3.1659,Yds
Bunker,110,3.1708,Yds
Bunker,111,3.1757,Yds
Bunker,112,3.1806,Yds
Bunker,113,3.1855,Yds
Bunker,114,3.1904,Yds
Bunker,115,3.1953,Yds
Bunker,116,3.2002,Yds
Bunker,117,3.2051,Yds
Bunker,118,3.21,Yds
Bunker,119,3.2149,Yds
Bunker,120,3.2198,Yds
Bunker,121,3.2247,Yds
Bunker,122,3.2296,Yds
Bunker,123,3.2345,Yds
Bunker,124,3.2394,Yds
Bunker,125,3.2443,Yds
Bunker,126,3.2492,Yds
Bunker,127,3.2541,Yds
Bunker,128,3.259,Yds
Bunker,129,3.2639,Yds
Bunker,130,3.2688,Yds
Bunker,131,3.2737,Yds
Bunker,132,3.2786,Yds
Bunker,133,3.2835,Yds
Bunker,134,3.2884,Yds
Bunker,135,3.2933,Yds
Bunker,136,3.2982,Yds
Bunker,137,3.3031,Yds
Bunker,138,3.308,Yds
Bunker,139,3.3129,Yds
Bunker,140,3.3178,Yds
Bunker,141,3.3227,Yds
Bunker,142,3.3276,Yds
Bunker,143,3.3325,Yds
Bunker,144,3.3374,Yds
Bunker,145,3.3423,Yds
Bunker,146,3.3472,Yds
Bunker,147,3.3521,Yds
Bunker,148,3.357,Yds
Bunker,149,3.3619,Yds
Bunker,150,3.3668,Yds
Bunker,151,3.3717,Yds
Bunker,152,3.3766,Yds
Bunker,153,3.3815,Yds
Bunker,154,3.3864,Yds
Bunker,155,3.3913,Yds
Bunker,156,3.3962,Yds
Bunker,157,3.4011,Yds
Bunker,158,3.406,Yds
Bunker,159,3.4109,Yds
Bunker,160,3.4158,Yds
Bunker,161,3.4207,Yds
Bunker,162,3.4256,Yds
Bunker,163,3.4305,Yds
Bunker,164,3.4354,Yds
Bunker,165,3.4403,Yds
Bunker,166,3.4452,Yds
Bunker,167,3.4501,Yds
Bunker,168,3.455,Yds
Bunker,169,3.4599,Yds
Bunker,170,3.4648,Yds
Bunker,171,3.4697,Yds
Bunker,172,3.4746,Yds
Bunker,173,3.4795,Yds
Bunker,174,3.4844,Yds
Bunker,175,3.4893,Yds
Bunker,176,3.4942,Yds
Bunker,177,3.4991,Yds
Bunker,178,3.504,Yds
Bunker,179,3.5089,Yds
Bunker,180,3.5138,Yds
Bunker,181,3.5187,Yds
Bunker,182,3.5236,Yds
Bunker,183,3.5285,Yds
Bunker,184,3.5334,Yds
Bunker,185,3.5383,Yds
Bunker,186,3.5432,Yds
Bunker,187,3.5481,Yds
Bunker,188,3.553,Yds
Bunker,189,3.5579,Yds
Bunker,190,3.5628,Yds
Bunker,191,3.5677,Yds
Bunker,192,3.5726,Yds
Bunker,193,3.5775,Yds
Bunker,194,3.5824,Yds
Bunker,195,3.5873,Yds
Bunker,196,3.5922,Yds
Bunker,197,3.5971,Yds
Bunker,198,3.602,Yds
Bunker,199,3.6069,Yds
Bunker,200,3.6118,Yds
Bunker,201,3.6167,Yds
Bunker,202,3.6216,Yds
Bunker,203,3.6265,Yds
Bunker,204,3.6314,Yds
Bunker,205,3.6363,Yds
Bunker,206,3.6412,Yds
Bunker,207,3.6461,Yds
Bunker,208,3.651,Yds
Bunker,209,3.6559,Yds
Bunker,210,3.6608,Yds
Bunker,211,3.6657,Yds
Bunker,212,3.6706,Yds
Bunker,213,3.6755,Yds
Bunker,214,3.6804,Yds
Bunker,215,3.6853,Yds
Bunker,216,3.6902,Yds
Bunker,217,3.6951,Yds
Bunker,218,3.7,Yds
Bunker,219,3.7049,Yds
Bunker,220,3.7098,Yds
Bunker,221,3.7147,Yds
Bunker,222,3.7196,Yds
Bunker,223,3.7245,Yds
Bunker,224,3.7294,Yds
Bunker,225,3.7343,Yds
Bunker,226,3.7392,Yds
Bunker,227,3.7441,Yds
Bunker,228,3.749,Yds
Bunker,229,3.7539,Yds
Bunker,230,3.7588,Yds
Bunker,231,3.7637,Yds
Bunker,232,3.7686,Yds
Bunker,233,3.7735,Yds
Bunker,234,3.7784,Yds
Bunker,235,3.7833,Yds
Bunker,236,3.7882,Yds
Bunker,237,3.7931,Yds
Bunker,238,3.798,Yds
Bunker,239,3.8029,Yds
Bunker,240,3.8078,Yds
Bunker,241,3.8127,Yds
Bunker,242,3.8176,Yds
Bunker,243,3.8225,Yds
Bunker,244,3.8274,Yds
Bunker,245,3.8323,Yds
Bunker,246,3.8372,Yds
Bunker,247,3.8421,Yds
Bunker,248,3.847,Yds
Bunker,249,3.8519,Yds
Bunker,250,3.8568,Yds
Bunker,251,3.8617,Yds
Bunker,252,3.8666,Yds
Bunker,253,3.8715,Yds
Bunker,254,3.8764,Yds
Bunker,255,3.8813,Yds
Bunker,256,3.8862,Yds
Bunker,257,3.8911,Yds
Bunker,258,3.896,Yds
Bunker,259,3.9009,Yds
Bunker,260,3.9058,Yds
Bunker,261,3.9107,Yds
Bunker,262,3.9156,Yds
Bunker,263,3.9205,Yds
Bunker,264,3.9254,Yds
Bunker,265,3.9303,Yds
Bunker,266,3.9352,Yds
Bunker,267,3.9401,Yds
Bunker,268,3.945,Yds
Bunker,269,3.9499,Yds
Bunker,270,3.9548,Yds
Bunker,271,3.9597,Yds
Bunker,272,3.9646,Yds
Bunker,273,3.9695,Yds
Bunker,274,3.9744,Yds
Bunker,275,3.9793,Yds
Bunker,276,3.9842,Yds
Bunker,277,3.9891,Yds
Bunker,278,3.994,Yds
Bunker,279,3.9989,Yds
Bunker,280,4.0038,Yds
Bunker,281,4.0087,Yds
Bunker,282,4.0136,Yds
Bunker,283,4.0185,Yds
Bunker,284,4.0234,Yds
Bunker,285,4.0283,Yds
Bunker,286,4.0332,Yds
Bunker,287,4.0381,Yds
Bunker,288,4.043,Yds
Bunker,289,4.0479,Yds
Bunker,290,4.0528,Yds
Bunker,291,4.0577,Yds
Bunker,292,4.0626,Yds
Bunker,293,4.0675,Yds
Bunker,294,4.0724,Yds
Bunker,295,4.0773,Yds
Bunker,296,4.0822,Yds
Bunker,297,4.0871,Yds
Bunker,298,4.092,Yds
Bunker,299,4.0969,Yds
Bunker,300,4.1018,Yds
Bunker,301,4.1067,Yds
Bunker,302,4.1116,Yds
Bunker,303,4.1165,Yds
Bunker,304,4.1214,Yds
Bunker,305,4.1263,Yds
Bunker,306,4.1312,Yds
Bunker,307,4.1361,Yds
Bunker,308,4.141,Yds
Bunker,309,4.1459,Yds
Bunker,310,4.1508,Yds
Bunker,311,4.1557,Yds
Bunker,312,4.1606,Yds
Bunker,313,4.1655,Yds
Bunker,314,4.1704,Yds
Bunker,315,4.1753,Yds
Bunker,316,4.1802,Yds
Bunker,317,4.1851,Yds
Bunker,318,4.19,Yds
Bunker,319,4.1949,Yds
Bunker,320,4.1998,Yds
Bunker,321,4.2047,Yds
Bunker,322,4.2096,Yds
Bunker,323,4.2145,Yds
Bunker,324,4.2194,Yds
Bunker,325,4.2243,Yds
Bunker,326,4.2292,Yds
Bunker,327,4.2341,Yds
Bunker,328,4.239,Yds
Bunker,329,4.2439,Yds
Bunker,330,4.2488,Yds
Bunker,331,4.2537,Yds
Bunker,332,4.2586,Yds
Bunker,333,4.2635,Yds
Bunker,334,4.2684,Yds
Bunker,335,4.2733,Yds
Bunker,336,4.2782,Yds
Bunker,337,4.2831,Yds
Bunker,338,4.288,Yds
Bunker,339,4.2929,Yds
Bunker,340,4.2978,Yds
Bunker,341,4.3027,Yds
Bunker,342,4.3076,Yds
Bunker,343,4.3125,Yds
Bunker,344,4.3174,Yds
Bunker,345,4.3223,Yds
Bunker,346,4.3272,Yds
Bunker,347,4.3321,Yds
Bunker,348,4.337,Yds
Bunker,349,4.3419,Yds
Bunker,350,4.3468,Yds
Bunker,351,4.3517,Yds
Bunker,352,4.3566,Yds
Bunker,353,4.3615,Yds
Bunker,354,4.3664,Yds
Bunker,355,4.3713,Yds
Bunker,356,4.3762,Yds
Bunker,357,4.3811,Yds
Bunker,358,4.386,Yds
Bunker,359,4.3909,Yds
Bunker,360,4.3958,Yds
Bunker,361,4.4007,Yds
Bunker,362,4.4056,Yds
Bunker,363,4.4105,Yds
Bunker,364,4.4154,Yds
Bunker,365,4.4203,Yds
Bunker,366,4.4252,Yds
Bunker,367,4.4301,Yds
Bunker,368,4.435,Yds
Bunker,369,4.4399,Yds
Bunker,370,4.4448,Yds
Bunker,371,4.4497,Yds
Bunker,372,4.4546,Yds
Bunker,373,4.4595,Yds
Bunker,374,4.4644,Yds
Bunker,375,4.4693,Yds
Bunker,376,4.4742,Yds
Bunker,377,4.4791,Yds
Bunker,378,4.484,Yds
Bunker,379,4.4889,Yds
Bunker,380,4.4938,Yds
Bunker,381,4.4987,Yds
Bunker,382,4.5036,Yds
Bunker,383,4.5085,Yds
Bunker,384,4.5134,Yds
Bunker,385,4.5183,Yds
Bunker,386,4.5232,Yds
Bunker,387,4.5281,Yds
Bunker,388,4.533,Yds
Bunker,389,4.5379,Yds
Bunker,390,4.5428,Yds
Bunker,391,4.5477,Yds
Bunker,392,4.5526,Yds
Bunker,393,4.5575,Yds
Bunker,394,4.5624,Yds
Bunker,395,4.5673,Yds
Bunker,396,4.5722,Yds
Bunker,397,4.5771,Yds
Bunker,398,4.582,Yds
Bunker,399,4.5869,Yds
Bunker,400,4.5918,Yds
Bunker,401,4.5967,Yds
Bunker,402,4.6016,Yds
Bunker,403,4.6065,Yds
Bunker,404,4.6114,Yds
Bunker,405,4.6163,Yds
Bunker,406,4.6212,Yds
Bunker,407,4.6261,Yds
Bunker,408,4.631,Yds
Bunker,409,4.6359,Yds
Bunker,410,4.6408,Yds
Bunker,411,4.6457,Yds
Bunker,412,4.6506,Yds
Bunker,413,4.6555,Yds
Bunker,414,4.6604,Yds
Bunker,415,4.6653,Yds
Bunker,416,4.6702,Yds
Bunker,417,4.6751,Yds
Bunker,418,4.68,Yds
Bunker,419,4.6849,Yds
Bunker,420,4.6898,Yds
Bunker,421,4.6947,Yds
Bunker,422,4.6996,Yds
Bunker,423,4.7045,Yds
Bunker,424,4.7094,Yds
Bunker,425,4.7143,Yds
Bunker,426,4.7192,Yds
Bunker,427,4.7241,Yds
Bunker,428,4.729,Yds
Bunker,429,4.7339,Yds
Bunker,430,4.7388,Yds
Bunker,431,4.7437,Yds
Bunker,432,4.7486,Yds
Bunker,433,4.7535,Yds
Bunker,434,4.7584,Yds
Bunker,435,4.7633,Yds
Bunker,436,4.7682,Yds
Bunker,437,4.7731,Yds
Bunker,438,4.778,Yds
Bunker,439,4.7829,Yds
Bunker,440,4.7878,Yds
Bunker,441,4.7927,Yds
Bunker,442,4.7976,Yds
Bunker,443,4.8025,Yds
Bunker,444,4.8074,Yds
Bunker,445,4.8123,Yds
Bunker,446,4.8172,Yds
Bunker,447,4.8221,Yds
Bunker,448,4.827,Yds
Bunker,449,4.8319,Yds
Bunker,450,4.8368,Yds
Bunker,451,4.8417,Yds
Bunker,452,4.8466,Yds
Bunker,453,4.8515,Yds
Bunker,454,4.8564,Yds
Bunker,455,4.8613,Yds
Bunker,456,4.8662,Yds
Bunker,457,4.8711,Yds
Bunker,458,4.876,Yds
Bunker,459,4.8809,Yds
Bunker,460,4.8858,Yds
Bunker,461,4.8907,Yds
Bunker,462,4.8956,Yds
Bunker,463,4.9005,Yds
Bunker,464,4.9054,Yds
Bunker,465,4.9103,Yds
Bunker,466,4.9152,Yds
Bunker,467,4.9201,Yds
Bunker,468,4.925,Yds
Bunker,469,4.9299,Yds
Bunker,470,4.9348,Yds
Bunker,471,4.9397,Yds
Bunker,472,4.9446,Yds
Bunker,473,4.9495,Yds
Bunker,474,4.9544,Yds
Bunker,475,4.9593,Yds
Bunker,476,4.9642,Yds
Bunker,477,4.9691,Yds
Bunker,478,4.974,Yds
Bunker,479,4.9789,Yds
Bunker,480,4.9838,Yds
Bunker,481,4.9887,Yds
Bunker,482,4.9936,Yds
Bunker,483,4.9985,Yds
Bunker,484,5.0034,Yds
Bunker,485,5.0083,Yds
Bunker,486,5.0132,Yds
Bunker,487,5.0181,Yds
Bunker,488,5.023,Yds
Bunker,489,5.0279,Yds
Bunker,490,5.0328,Yds
Bunker,491,5.0377,Yds
Bunker,492,5.0426,Yds
Bunker,493,5.0475,Yds
Bunker,494,5.0524,Yds
Bunker,495,5.0573,Yds
Bunker,496,5.0622,Yds
Bunker,497,5.0671,Yds
Bunker,498,5.072,Yds
Bunker,499,5.0769,Yds
Bunker,500,5.0818,Yds
Bunker,501,5.0867,Yds
Bunker,502,5.0916,Yds
Bunker,503,5.0965,Yds
Bunker,504,5.1014,Yds
Bunker,505,5.1063,Yds
Bunker,506,5.1112,Yds
Bunker,507,5.1161,Yds
Bunker,508,5.121,Yds
Bunker,509,5.1259,Yds
Bunker,510,5.1308,Yds
Bunker,511,5.1357,Yds
Bunker,512,5.1406,Yds
Bunker,513,5.1455,Yds
Bunker,514,5.1504,Yds
Bunker,515,5.1553,Yds
Bunker,516,5.1602,Yds
Bunker,517,5.1651,Yds
Bunker,518,5.17,Yds
Bunker,519,5.1749,Yds
Bunker,520,5.1798,Yds
Bunker,521,5.1847,Yds
Bunker,522,5.1896,Yds
Bunker,523,5.1945,Yds
Bunker,524,5.1994,Yds
Bunker,525,5.2043,Yds
Bunker,526,5.2092,Yds
Bunker,527,5.2141,Yds
Bunker,528,5.219,Yds
Bunker,529,5.2239,Yds
Bunker,530,5.2288,Yds
Bunker,531,5.2337,Yds
Bunker,532,5.2386,Yds
Bunker,533,5.2435,Yds
Bunker,534,5.2484,Yds
Bunker,535,5.2533,Yds
Bunker,536,5.2582,Yds
Bunker,537,5.2631,Yds
Bunker,538,5.268,Yds
Bunker,539,5.2729,Yds
Bunker,540,5.2778,Yds
Bunker,541,5.2827,Yds
Bunker,542,5.2876,Yds
Bunker,543,5.2925,Yds
Bunker,544,5.2974,Yds
Bunker,545,5.3023,Yds
Bunker,546,5.3072,Yds
Bunker,547,5.3121,Yds
Bunker,548,5.317,Yds
Bunker,549,5.3219,Yds
Bunker,550,5.3268,Yds
Bunker,551,5.3317,Yds
Bunker,552,5.3366,Yds
Bunker,553,5.3415,Yds
Bunker,554,5.3464,Yds
Bunker,555,5.3513,Yds
Bunker,556,5.3562,Yds
Bunker,557,5.3611,Yds
Bunker,558,5.366,Yds
Bunker,559,5.3709,Yds
Bunker,560,5.3758,Yds
Bunker,561,5.3807,Yds
Bunker,562,5.3856,Yds
Bunker,563,5.3905,Yds
Bunker,564,5.3954,Yds
Bunker,565,5.4003,Yds
Bunker,566,5.4052,Yds
Bunker,567,5.4101,Yds
Bunker,568,5.415,Yds
Bunker,569,5.4199,Yds
Bunker,570,5.4248,Yds
Bunker,571,5.4297,Yds
Bunker,572,5.4346,Yds
Bunker,573,5.4395,Yds
Bunker,574,5.4444,Yds
Bunker,575,5.4493,Yds
Bunker,576,5.4542,Yds
Bunker,577,5.4591,Yds
Bunker,578,5.464,Yds
Bunker,579,5.4689,Yds
Bunker,580,5.4738,Yds
Bunker,581,5.4787,Yds
Bunker,582,5.4836,Yds
Bunker,583,5.4885,Yds
Bunker,584,5.4934,Yds
Bunker,585,5.4983,Yds
Bunker,586,5.5032,Yds
Bunker,587,5.5081,Yds
Bunker,588,5.513,Yds
Bunker,589,5.5179,Yds
Bunker,590,5.5228,Yds
Bunker,591,5.5277,Yds
Bunker,592,5.5326,Yds
Bunker,593,5.5375,Yds
Bunker,594,5.5424,Yds
Bunker,595,5.5473,Yds
Bunker,596,5.5522,Yds
Bunker,597,5.5571,Yds
Bunker,598,5.562,Yds
Bunker,599,5.5669,Yds
Bunker,600,5.5718,Yds
Bunker,601,5.5767,Yds
Bunker,602,5.5816,Yds
Bunker,603,5.5865,Yds
Bunker,604,5.5914,Yds
Bunker,605,5.5963,Yds
Bunker,606,5.6012,Yds
Bunker,607,5.6061,Yds
Bunker,608,5.611,Yds
Bunker,609,5.6159,Yds
Bunker,610,5.6208,Yds
Bunker,611,5.6257,Yds
Bunker,612,5.6306,Yds
Bunker,613,5.6355,Yds
Bunker,614,5.6404,Yds
Bunker,615,5.6453,Yds
Bunker,616,5.6502,Yds
Bunker,617,5.6551,Yds
Bunker,618,5.66,Yds
Bunker,619,5.6649,Yds
Bunker,620,5.6698,Yds
Bunker,621,5.6747,Yds
Bunker,622,5.6796,Yds
Bunker,623,5.6845,Yds
Bunker,624,5.6894,Yds
Bunker,625,5.6943,Yds
Bunker,626,5.6992,Yds
Bunker,627,5.7041,Yds
Bunker,628,5.709,Yds
Bunker,629,5.7139,Yds
Bunker,630,5.7188,Yds
Bunker,631,5.7237,Yds
Bunker,632,5.7286,Yds
Bunker,633,5.7335,Yds
Bunker,634,5.7384,Yds
Bunker,635,5.7433,Yds
Bunker,636,5.7482,Yds
Bunker,637,5.7531,Yds
Bunker,638,5.758,Yds
Bunker,639,5.7629,Yds
Bunker,640,5.7678,Yds
Bunker,641,5.7727,Yds
Bunker,642,5.7776,Yds
Bunker,643,5.7825,Yds
Bunker,644,5.7874,Yds
Bunker,645,5.7923,Yds
Bunker,646,5.7972,Yds
Bunker,647,5.8021,Yds
Bunker,648,5.807,Yds
Bunker,649,5.8119,Yds
Bunker,650,5.8168,Yds
Bunker,651,5.8217,Yds
Bunker,652,5.8266,Yds
Bunker,653,5.8315,Yds
Bunker,654,5.8364,Yds
Bunker,655,5.8413,Yds
Bunker,656,5.8462,Yds
Bunker,657,5.8511,Yds
Bunker,658,5.856,Yds
Bunker,659,5.8609,Yds
Bunker,660,5.8658,Yds
Bunker,661,5.8707,Yds
Bunker,662,5.8756,Yds
Bunker,663,5.8805,Yds
Bunker,664,5.8854,Yds
Bunker,665,5.8903,Yds
Bunker,666,5.8952,Yds
Bunker,667,5.9001,Yds
Bunker,668,5.905,Yds
Bunker,669,5.9099,Yds
Bunker,670,5.9148,Yds
Bunker,671,5.9197,Yds
Bunker,672,5.9246,Yds
Bunker,673,5.9295,Yds
Bunker,674,5.9344,Yds
Bunker,675,5.9393,Yds
Bunker,676,5.9442,Yds
Bunker,677,5.9491,Yds
Bunker,678,5.954,Yds
Bunker,679,5.9589,Yds
Bunker,680,5.9638,Yds
Bunker,681,5.9687,Yds
Bunker,682,5.9736,Yds
Bunker,683,5.9785,Yds
Bunker,684,5.9834,Yds
Bunker,685,5.9883,Yds
Bunker,686,5.9932,Yds
Bunker,687,5.9981,Yds
Bunker,688,6.003,Yds
Bunker,689,6.0079,Yds
Bunker,690,6.0128,Yds
Bunker,691,6.0177,Yds
Bunker,692,6.0226,Yds
Bunker,693,6.0275,Yds
Bunker,694,6.0324,Yds
Bunker,695,6.0373,Yds
Bunker,696,6.0422,Yds
Bunker,697,6.0471,Yds
Bunker,698,6.052,Yds
Bunker,699,6.0569,Yds
Bunker,700,6.0618,Yds
Recovery,20,3.5841,Yds
Recovery,21,3.5866,Yds
Recovery,22,3.5891,Yds
Recovery,23,3.5916,Yds
Recovery,24,3.5941,Yds
Recovery,25,3.5966,Yds
Recovery,26,3.5991,Yds
Recovery,27,3.6016,Yds
Recovery,28,3.6041,Yds
Recovery,29,3.6066,Yds
Recovery,30,3.6091,Yds
Recovery,31,3.6116,Yds
Recovery,32,3.6141,Yds
Recovery,33,3.6166,Yds
Recovery,34,3.6191,Yds
Recovery,35,3.6216,Yds
Recovery,36,3.6241,Yds
Recovery,37,3.6266,Yds
Recovery,38,3.6291,Yds
Recovery,39,3.6316,Yds
Recovery,40,3.6341,Yds
Recovery,41,3.6366,Yds
Recovery,42,3.6391,Yds
Recovery,43,3.6416,Yds
Recovery,44,3.6441,Yds
Recovery,45,3.6466,Yds
Recovery,46,3.6491,Yds
Recovery,47,3.6516,Yds
Recovery,48,3.6541,Yds
Recovery,49,3.6566,Yds
Recovery,50,3.6591,Yds
Recovery,51,3.6616,Yds
Recovery,52,3.6641,Yds
Recovery,53,3.6666,Yds
Recovery,54,3.6691,Yds
Recovery,55,3.6716,Yds
Recovery,56,3.6741,Yds
Recovery,57,3.6766,Yds
Recovery,58,3.6791,Yds
Recovery,59,3.6816,Yds
Recovery,60,3.6841,Yds
Recovery,61,3.6866,Yds
Recovery,62,3.6891,Yds
Recovery,63,3.6916,Yds
Recovery,64,3.6941,Yds
Recovery,65,3.6966,Yds
Recovery,66,3.6991,Yds
Recovery,67,3.7016,Yds
Recovery,68,3.7041,Yds
Recovery,69,3.7066,Yds
Recovery,70,3.7091,Yds
Recovery,71,3.7116,Yds
Recovery,72,3.7141,Yds
Recovery,73,3.7166,Yds
Recovery,74,3.7191,Yds
Recovery,75,3.7216,Yds
Recovery,76,3.7241,Yds
Recovery,77,3.7266,Yds
Recovery,78,3.7291,Yds
Recovery,79,3.7316,Yds
Recovery,80,3.7341,Yds
Recovery,81,3.7366,Yds
Recovery,82,3.7391,Yds
Recovery,83,3.7416,Yds
Recovery,84,3.7441,Yds
Recovery,85,3.7466,Yds
Recovery,86,3.7491,Yds
Recovery,87,3.7516,Yds
Recovery,88,3.7541,Yds
Recovery,89,3.7566,Yds
Recovery,90,3.7591,Yds
Recovery,91,3.7616,Yds
Recovery,92,3.7641,Yds
Recovery,93,3.7666,Yds
Recovery,94,3.7691,Yds
Recovery,95,3.7716,Yds
Recovery,96,3.7741,Yds
Recovery,97,3.7766,Yds
Recovery,98,3.7791,Yds
Recovery,99,3.7816,Yds
Recovery,100,3.7841,Yds
Recovery,101,3.7866,Yds
Recovery,102,3.7891,Yds
Recovery,103,3.7916,Yds
Recovery,104,3.7941,Yds
Recovery,105,3.7966,Yds
Recovery,106,3.7991,Yds
Recovery,107,3.8016,Yds
Recovery,108,3.8041,Yds
Recovery,109,3.8066,Yds
Recovery,110,3.8091,Yds
Recovery,111,3.8116,Yds
Recovery,112,3.8141,Yds
Recovery,113,3.8166,Yds
Recovery,114,3.8191,Yds
Recovery,115,3.8216,Yds
Recovery,116,3.8241,Yds
Recovery,117,3.8266,Yds
Recovery,118,3.8291,Yds
Recovery,119,3.8316,Yds
Recovery,120,3.8341,Yds
Recovery,121,3.8366,Yds
Recovery,122,3.8391,Yds
Recovery,123,3.8416,Yds
Recovery,124,3.8441,Yds
Recovery,125,3.8466,Yds
Recovery,126,3.8491,Yds
Recovery,127,3.8516,Yds
Recovery,128,3.8541,Yds
Recovery,129,3.8566,Yds
Recovery,130,3.8591,Yds
Recovery,131,3.8616,Yds
Recovery,132,3.8641,Yds
Recovery,133,3.8666,Yds
Recovery,134,3.8691,Yds
Recovery,135,3.8716,Yds
Recovery,136,3.8741,Yds
Recovery,137,3.8766,Yds
Recovery,138,3.8791,Yds
Recovery,139,3.8816,Yds
Recovery,140,3.8841,Yds
Recovery,141,3.8866,Yds
Recovery,142,3.8891,Yds
Recovery,143,3.8916,Yds
Recovery,144,3.8941,Yds
Recovery,145,3.8966,Yds
Recovery,146,3.8991,Yds
Recovery,147,3.9016,Yds
Recovery,148,3.9041,Yds
Recovery,149,3.9066,Yds
Recovery,150,3.9091,Yds
Recovery,151,3.9116,Yds
Recovery,152,3.9141,Yds
Recovery,153,3.9166,Yds
Recovery,154,3.9191,Yds
Recovery,155,3.9216,Yds
Recovery,156,3.9241,Yds
Recovery,157,3.9266,Yds
Recovery,158,3.9291,Yds
Recovery,159,3.9316,Yds
Recovery,160,3.9341,Yds
Recovery,161,3.9366,Yds
Recovery,162,3.9391,Yds
Recovery,163,3.9416,Yds
Recovery,164,3.9441,Yds
Recovery,165,3.9466,Yds
Recovery,166,3.9491,Yds
Recovery,167,3.9516,Yds
Recovery,168,3.9541,Yds
Recovery,169,3.9566,Yds
Recovery,170,3.9591,Yds
Recovery,171,3.9616,Yds
Recovery,172,3.9641,Yds
Recovery,173,3.9666,Yds
Recovery,174,3.9691,Yds
Recovery,175,3.9716,Yds
Recovery,176,3.9741,Yds
Recovery,177,3.9766,Yds
Recovery,178,3.9791,Yds
Recovery,179,3.9816,Yds
Recovery,180,3.9841,Yds
Recovery,181,3.9866,Yds
Recovery,182,3.9891,Yds
Recovery,183,3.9916,Yds
Recovery,184,3.9941,Yds
Recovery,185,3.9966,Yds
Recovery,186,3.9991,Yds
Recovery,187,4.0016,Yds
Recovery,188,4.0041,Yds
Recovery,189,4.0066,Yds
Recovery,190,4.0091,Yds
Recovery,191,4.0116,Yds
Recovery,192,4.0141,Yds
Recovery,193,4.0166,Yds
Recovery,194,4.0191,Yds
Recovery,195,4.0216,Yds
Recovery,196,4.0241,Yds
Recovery,197,4.0266,Yds
Recovery,198,4.0291,Yds
Recovery,199,4.0316,Yds
Recovery,200,4.0341,Yds
Recovery,201,4.0366,Yds
Recovery,202,4.0391,Yds
Recovery,203,4.0416,Yds
Recovery,204,4.0441,Yds
Recovery,205,4.0466,Yds
Recovery,206,4.0491,Yds
Recovery,207,4.0516,Yds
Recovery,208,4.0541,Yds
Recovery,209,4.0566,Yds
Recovery,210,4.0591,Yds
Recovery,211,4.0616,Yds
Recovery,212,4.0641,Yds
Recovery,213,4.0666,Yds
Recovery,214,4.0691,Yds
Recovery,215,4.0716,Yds
Recovery,216,4.0741,Yds
Recovery,217,4.0766,Yds
Recovery,218,4.0791,Yds
Recovery,219,4.0816,Yds
Recovery,220,4.0841,Yds
Recovery,221,4.0866,Yds
Recovery,222,4.0891,Yds
Recovery,223,4.0916,Yds
Recovery,224,4.0941,Yds
Recovery,225,4.0966,Yds
Recovery,226,4.0991,Yds
Recovery,227,4.1016,Yds
Recovery,228,4.1041,Yds
Recovery,229,4.1066,Yds
Recovery,230,4.1091,Yds
Recovery,231,4.1116,Yds
Recovery,232,4.1141,Yds
Recovery,233,4.1166,Yds
Recovery,234,4.1191,Yds
Recovery,235,4.1216,Yds
Recovery,236,4.1241,Yds
Recovery,237,4.1266,Yds
Recovery,238,4.1291,Yds
Recovery,239,4.1316,Yds
Recovery,240,4.1341,Yds
Recovery,241,4.1366,Yds
Recovery,242,4.1391,Yds
Recovery,243,4.1416,Yds
Recovery,244,4.1441,Yds
Recovery,245,4.1466,Yds
Recovery,246,4.1491,Yds
Recovery,247,4.1516,Yds
Recovery,248,4.1541,Yds
Recovery,249,4.1566,Yds
Recovery,250,4.1591,Yds
Recovery,251,4.1616,Yds
Recovery,252,4.1641,Yds
Recovery,253,4.1666,Yds
Recovery,254,4.1691,Yds
Recovery,255,4.1716,Yds
Recovery,256,4.1741,Yds
Recovery,257,4.1766,Yds
Recovery,258,4.1791,Yds
Recovery,259,4.1816,Yds
Recovery,260,4.1841,Yds
Recovery,261,4.1866,Yds
Recovery,262,4.1891,Yds
Recovery,263,4.1916,Yds
Recovery,264,4.1941,Yds
Recovery,265,4.1966,Yds
Recovery,266,4.1991,Yds
Recovery,267,4.2016,Yds
Recovery,268,4.2041,Yds
Recovery,269,4.2066,Yds
Recovery,270,4.2091,Yds
Recovery,271,4.2116,Yds
Recovery,272,4.2141,Yds
Recovery,273,4.2166,Yds
Recovery,274,4.2191,Yds
Recovery,275,4.2216,Yds
Recovery,276,4.2241,Yds
Recovery,277,4.2266,Yds
Recovery,278,4.2291,Yds
Recovery,279,4.2316,Yds
Recovery,280,4.2341,Yds
Recovery,281,4.2366,Yds
Recovery,282,4.2391,Yds
Recovery,283,4.2416,Yds
Recovery,284,4.2441,Yds
Recovery,285,4.2466,Yds
Recovery,286,4.2491,Yds
Recovery,287,4.2516,Yds
Recovery,288,4.2541,Yds
Recovery,289,4.2566,Yds
Recovery,290,4.2591,Yds
Recovery,291,4.2616,Yds
Recovery,292,4.2641,Yds
Recovery,293,4.2666,Yds
Recovery,294,4.2691,Yds
Recovery,295,4.2716,Yds
Recovery,296,4.2741,Yds
Recovery,297,4.2766,Yds
Recovery,298,4.2791,Yds
Recovery,299,4.2816,Yds
Recovery,300,4.2841,Yds
Recovery,301,4.2866,Yds
Recovery,302,4.2891,Yds
Recovery,303,4.2916,Yds
Recovery,304,4.2941,Yds
Recovery,305,4.2966,Yds
Recovery,306,4.2991,Yds
Recovery,307,4.3016,Yds
Recovery,308,4.3041,Yds
Recovery,309,4.3066,Yds
Recovery,310,4.3091,Yds
Recovery,311,4.3116,Yds
Recovery,312,4.3141,Yds
Recovery,313,4.3166,Yds
Recovery,314,4.3191,Yds
Recovery,315,4.3216,Yds
Recovery,316,4.3241,Yds
Recovery,317,4.3266,Yds
Recovery,318,4.3291,Yds
Recovery,319,4.3316,Yds
Recovery,320,4.3341,Yds
Recovery,321,4.3366,Yds
Recovery,322,4.3391,Yds
Recovery,323,4.3416,Yds
Recovery,324,4.3441,Yds
Recovery,325,4.3466,Yds
Recovery,326,4.3491,Yds
Recovery,327,4.3516,Yds
Recovery,328,4.3541,Yds
Recovery,329,4.3566,Yds
Recovery,330,4.3591,Yds
Recovery,331,4.3616,Yds
Recovery,332,4.3641,Yds
Recovery,333,4.3666,Yds
Recovery,334,4.3691,Yds
Recovery,335,4.3716,Yds
Recovery,336,4.3741,Yds
Recovery,337,4.3766,Yds
Recovery,338,4.3791,Yds
Recovery,339,4.3816,Yds
Recovery,340,4.3841,Yds
Recovery,341,4.3866,Yds
Recovery,342,4.3891,Yds
Recovery,343,4.3916,Yds
Recovery,344,4.3941,Yds
Recovery,345,4.3966,Yds
Recovery,346,4.3991,Yds
Recovery,347,4.4016,Yds
Recovery,348,4.4041,Yds
Recovery,349,4.4066,Yds
Recovery,350,4.4091,Yds
Recovery,351,4.4116,Yds
Recovery,352,4.4141,Yds
Recovery,353,4.4166,Yds
Recovery,354,4.4191,Yds
Recovery,355,4.4216,Yds
Recovery,356,4.4241,Yds
Recovery,357,4.4266,Yds
Recovery,358,4.4291,Yds
Recovery,359,4.4316,Yds
Recovery,360,4.4341,Yds
Recovery,361,4.4366,Yds
Recovery,362,4.4391,Yds
Recovery,363,4.4416,Yds
Recovery,364,4.4441,Yds
Recovery,365,4.4466,Yds
Recovery,366,4.4491,Yds
Recovery,367,4.4516,Yds
Recovery,368,4.4541,Yds
Recovery,369,4.4566,Yds
Recovery,370,4.4591,Yds
Recovery,371,4.4616,Yds
Recovery,372,4.4641,Yds
Recovery,373,4.4666,Yds
Recovery,374,4.4691,Yds
Recovery,375,4.4716,Yds
Recovery,376,4.4741,Yds
Recovery,377,4.4766,Yds
Recovery,378,4.4791,Yds
Recovery,379,4.4816,Yds
Recovery,380,4.4841,Yds
Recovery,381,4.4866,Yds
Recovery,382,4.4891,Yds
Recovery,383,4.4916,Yds
Recovery,384,4.4941,Yds
Recovery,385,4.4966,Yds
Recovery,386,4.4991,Yds
Recovery,387,4.5016,Yds
Recovery,388,4.5041,Yds
Recovery,389,4.5066,Yds
Recovery,390,4.5091,Yds
Recovery,391,4.5116,Yds
Recovery,392,4.5141,Yds
Recovery,393,4.5166,Yds
Recovery,394,4.5191,Yds
Recovery,395,4.5216,Yds
Recovery,396,4.5241,Yds
Recovery,397,4.5266,Yds
Recovery,398,4.5291,Yds
Recovery,399,4.5316,Yds
Recovery,400,4.5341,Yds
Recovery,401,4.5366,Yds
Recovery,402,4.5391,Yds
Recovery,403,4.5416,Yds
Recovery,404,4.5441,Yds
Recovery,405,4.5466,Yds
Recovery,406,4.5491,Yds
Recovery,407,4.5516,Yds
Recovery,408,4.5541,Yds
Recovery,409,4.5566,Yds
Recovery,410,4.5591,Yds
Recovery,411,4.5616,Yds
Recovery,412,4.5641,Yds
Recovery,413,4.5666,Yds
Recovery,414,4.5691,Yds
Recovery,415,4.5716,Yds
Recovery,416,4.5741,Yds
Recovery,417,4.5766,Yds
Recovery,418,4.5791,Yds
Recovery,419,4.5816,Yds
Recovery,420,4.5841,Yds
Recovery,421,4.5866,Yds
Recovery,422,4.5891,Yds
Recovery,423,4.5916,Yds
Recovery,424,4.5941,Yds
Recovery,425,4.5966,Yds
Recovery,426,4.5991,Yds
Recovery,427,4.6016,Yds
Recovery,428,4.6041,Yds
Recovery,429,4.6066,Yds
Recovery,430,4.6091,Yds
Recovery,431,4.6116,Yds
Recovery,432,4.6141,Yds
Recovery,433,4.6166,Yds
Recovery,434,4.6191,Yds
Recovery,435,4.6216,Yds
Recovery,436,4.6241,Yds
Recovery,437,4.6266,Yds
Recovery,438,4.6291,Yds
Recovery,439,4.6316,Yds
Recovery,440,4.6341,Yds
Recovery,441,4.6366,Yds
Recovery,442,4.6391,Yds
Recovery,443,4.6416,Yds
Recovery,444,4.6441,Yds
Recovery,445,4.6466,Yds
Recovery,446,4.6491,Yds
Recovery,447,4.6516,Yds
Recovery,448,4.6541,Yds
Recovery,449,4.6566,Yds
Recovery,450,4.6591,Yds
Recovery,451,4.6616,Yds
Recovery,452,4.6641,Yds
Recovery,453,4.6666,Yds
Recovery,454,4.6691,Yds
Recovery,455,4.6716,Yds
Recovery,456,4.6741,Yds
Recovery,457,4.6766,Yds
Recovery,458,4.6791,Yds
Recovery,459,4.6816,Yds
Recovery,460,4.6841,Yds
Recovery,461,4.6866,Yds
Recovery,462,4.6891,Yds
Recovery,463,4.6916,Yds
Recovery,464,4.6941,Yds
Recovery,465,4.6966,Yds
Recovery,466,4.6991,Yds
Recovery,467,4.7016,Yds
Recovery,468,4.7041,Yds
Recovery,469,4.7066,Yds
Recovery,470,4.7091,Yds
Recovery,471,4.7116,Yds
Recovery,472,4.7141,Yds
Recovery,473,4.7166,Yds
Recovery,474,4.7191,Yds
Recovery,475,4.7216,Yds
Recovery,476,4.7241,Yds
Recovery,477,4.7266,Yds
Recovery,478,4.7291,Yds
Recovery,479,4.7316,Yds
Recovery,480,4.7341,Yds
Recovery,481,4.7366,Yds
Recovery,482,4.7391,Yds
Recovery,483,4.7416,Yds
Recovery,484,4.7441,Yds
Recovery,485,4.7466,Yds
Recovery,486,4.7491,Yds
Recovery,487,4.7516,Yds
Recovery,488,4.7541,Yds
Recovery,489,4.7566,Yds
Recovery,490,4.7591,Yds
Recovery,491,4.7616,Yds
Recovery,492,4.7641,Yds
Recovery,493,4.7666,Yds
Recovery,494,4.7691,Yds
Recovery,495,4.7716,Yds
Recovery,496,4.7741,Yds
Recovery,497,4.7766,Yds
Recovery,498,4.7791,Yds
Recovery,499,4.7816,Yds
Recovery,500,4.7841,Yds
Recovery,501,4.7866,Yds
Recovery,502,4.7891,Yds
Recovery,503,4.7916,Yds
Recovery,504,4.7941,Yds
Recovery,505,4.7966,Yds
Recovery,506,4.7991,Yds
Recovery,507,4.8016,Yds
Recovery,508,4.8041,Yds
Recovery,509,4.8066,Yds
Recovery,510,4.8091,Yds
Recovery,511,4.8116,Yds
Recovery,512,4.8141,Yds
Recovery,513,4.8166,Yds
Recovery,514,4.8191,Yds
Recovery,515,4.8216,Yds
Recovery,516,4.8241,Yds
Recovery,517,4.8266,Yds
Recovery,518,4.8291,Yds
Recovery,519,4.8316,Yds
Recovery,520,4.8341,Yds
Recovery,521,4.8366,Yds
Recovery,522,4.8391,Yds
Recovery,523,4.8416,Yds
Recovery,524,4.8441,Yds
Recovery,525,4.8466,Yds
Recovery,526,4.8491,Yds
Recovery,527,4.8516,Yds
Recovery,528,4.8541,Yds
Recovery,529,4.8566,Yds
Recovery,530,4.8591,Yds
Recovery,531,4.8616,Yds
Recovery,532,4.8641,Yds
Recovery,533,4.8666,Yds
Recovery,534,4.8691,Yds
Recovery,535,4.8716,Yds
Recovery,536,4.8741,Yds
Recovery,537,4.8766,Yds
Recovery,538,4.8791,Yds
Recovery,539,4.8816,Yds
Recovery,540,4.8841,Yds
Recovery,541,4.8866,Yds
Recovery,542,4.8891,Yds
Recovery,543,4.8916,Yds
Recovery,544,4.8941,Yds
Recovery,545,4.8966,Yds
Recovery,546,4.8991,Yds
Recovery,547,4.9016,Yds
Recovery,548,4.9041,Yds
Recovery,549,4.9066,Yds
Recovery,550,4.9091,Yds
Recovery,551,4.9116,Yds
Recovery,552,4.9141,Yds
Recovery,553,4.9166,Yds
Recovery,554,4.9191,Yds
Recovery,555,4.9216,Yds
Recovery,556,4.9241,Yds
Recovery,557,4.9266,Yds
Recovery,558,4.9291,Yds
Recovery,559,4.9316,Yds
Recovery,560,4.9341,Yds
Recovery,561,4.9366,Yds
Recovery,562,4.9391,Yds
Recovery,563,4.9416,Yds
Recovery,564,4.9441,Yds
Recovery,565,4.9466,Yds
Recovery,566,4.9491,Yds
Recovery,567,4.9516,Yds
Recovery,568,4.9541,Yds
Recovery,569,4.9566,Yds
Recovery,570,4.9591,Yds
Recovery,571,4.9616,Yds
Recovery,572,4.9641,Yds
Recovery,573,4.9666,Yds
Recovery,574,4.9691,Yds
Recovery,575,4.9716,Yds
Recovery,576,4.9741,Yds
Recovery,577,4.9766,Yds
Recovery,578,4.9791,Yds
Recovery,579,4.9816,Yds
Recovery,580,4.9841,Yds
Recovery,581,4.9866,Yds
Recovery,582,4.9891,Yds
Recovery,583,4.9916,Yds
Recovery,584,4.9941,Yds
Recovery,585,4.9966,Yds
Recovery,586,4.9991,Yds
Recovery,587,5.0016,Yds
Recovery,588,5.0041,Yds
Recovery,589,5.0066,Yds
Recovery,590,5.0091,Yds
Recovery,591,5.0116,Yds
Recovery,592,5.0141,Yds
Recovery,593,5.0166,Yds
Recovery,594,5.0191,Yds
Recovery,595,5.0216,Yds
Recovery,596,5.0241,Yds
Recovery,597,5.0266,Yds
Recovery,598,5.0291,Yds
Recovery,599,5.0316,Yds
Recovery,600,5.0341,Yds
Recovery,601,5.0366,Yds
Recovery,602,5.0391,Yds
Recovery,603,5.0416,Yds
Recovery,604,5.0441,Yds
Recovery,605,5.0466,Yds
Recovery,606,5.0491,Yds
Recovery,607,5.0516,Yds
Recovery,608,5.0541,Yds
Recovery,609,5.0566,Yds
Recovery,610,5.0591,Yds
Recovery,611,5.0616,Yds
Recovery,612,5.0641,Yds
Recovery,613,5.0666,Yds
Recovery,614,5.0691,Yds
Recovery,615,5.0716,Yds
Recovery,616,5.0741,Yds
Recovery,617,5.0766,Yds
Recovery,618,5.0791,Yds
Recovery,619,5.0816,Yds
Recovery,620,5.0841,Yds
Recovery,621,5.0866,Yds
Recovery,622,5.0891,Yds
Recovery,623,5.0916,Yds
Recovery,624,5.0941,Yds
Recovery,625,5.0966,Yds
Recovery,626,5.0991,Yds
Recovery,627,5.1016,Yds
Recovery,628,5.1041,Yds
Recovery,629,5.1066,Yds
Recovery,630,5.1091,Yds
Recovery,631,5.1116,Yds
Recovery,632,5.1141,Yds
Recovery,633,5.1166,Yds
Recovery,634,5.1191,Yds
Recovery,635,5.1216,Yds
Recovery,636,5.1241,Yds
Recovery,637,5.1266,Yds
Recovery,638,5.1291,Yds
Recovery,639,5.1316,Yds
Recovery,640,5.1341,Yds
Recovery,641,5.1366,Yds
Recovery,642,5.1391,Yds
Recovery,643,5.1416,Yds
Recovery,644,5.1441,Yds
Recovery,645,5.1466,Yds
Recovery,646,5.1491,Yds
Recovery,647,5.1516,Yds
Recovery,648,5.1541,Yds
Recovery,649,5.1566,Yds
Recovery,650,5.1591,Yds
Recovery,651,5.1616,Yds
Recovery,652,5.1641,Yds
Recovery,653,5.1666,Yds
Recovery,654,5.1691,Yds
Recovery,655,5.1716,Yds
Recovery,656,5.1741,Yds
Recovery,657,5.1766,Yds
Recovery,658,5.1791,Yds
Recovery,659,5.1816,Yds
Recovery,660,5.1841,Yds
Recovery,661,5.1866,Yds
Recovery,662,5.1891,Yds
Recovery,663,5.1916,Yds
Recovery,664,5.1941,Yds
Recovery,665,5.1966,Yds
Recovery,666,5.1991,Yds
Recovery,667,5.2016,Yds
Recovery,668,5.2041,Yds
Recovery,669,5.2066,Yds
Recovery,670,5.2091,Yds
Recovery,671,5.2116,Yds
Recovery,672,5.2141,Yds
Recovery,673,5.2166,Yds
Recovery,674,5.2191,Yds
Recovery,675,5.2216,Yds
Recovery,676,5.2241,Yds
Recovery,677,5.2266,Yds
Recovery,678,5.2291,Yds
Recovery,679,5.2316,Yds
Recovery,680,5.2341,Yds
Recovery,681,5.2366,Yds
Recovery,682,5.2391,Yds
Recovery,683,5.2416,Yds
Recovery,684,5.2441,Yds
Recovery,685,5.2466,Yds
Recovery,686,5.2491,Yds
Recovery,687,5.2516,Yds
Recovery,688,5.2541,Yds
Recovery,689,5.2566,Yds
Recovery,690,5.2591,Yds
Recovery,691,5.2616,Yds
Recovery,692,5.2641,Yds
Recovery,693,5.2666,Yds
Recovery,694,5.2691,Yds
Recovery,695,5.2716,Yds
Recovery,696,5.2741,Yds
Recovery,697,5.2766,Yds
Recovery,698,5.2791,Yds
Recovery,699,5.2816,Yds
Recovery,700,5.2841,Yds
Green,1,1,Yds
Green,2,1.012218493,Yds
Green,3,1.154901664,Yds
Green,4,1.256136986,Yds
Green,5,1.334661201,Yds
Green,6,1.398820157,Yds
Green,7,1.453065781,Yds
Green,8,1.500055479,Yds
Green,9,1.541503329,Yds
Green,10,1.578579694,Yds
Green,11,1.612119346,Yds
Green,12,1.64273865,Yds
Green,13,1.670905679,Yds
Green,14,1.696984274,Yds
Green,15,1.721262866,Yds
Green,16,1.743973971,Yds
Green,17,1.765307776,Yds
Green,18,1.785421822,Yds
Green,19,1.804448077,Yds
Green,20,1.822498187,Yds
Green,21,1.839667446,Yds
Green,22,1.856037839,Yds
Green,23,1.871680415,Yds
Green,24,1.886657143,Yds
Green,25,1.901022403,Yds
Green,26,1.914824172,Yds
Green,27,1.928104993,Yds
Green,28,1.940902767,Yds
Green,29,1.953251403,Yds
Green,30,1.965181359,Yds
Green,31,1.976720097,Yds
Green,32,1.987892464,Yds
Green,33,1.998721011,Yds
Green,34,2.009226269,Yds
Green,35,2.019426983,Yds
Green,36,2.029340314,Yds
Green,37,2.038982013,Yds
Green,38,2.04836657,Yds
Green,39,2.057507343,Yds
Green,40,2.06641668,Yds
Green,41,2.07510601,Yds
Green,42,2.083585939,Yds
Green,43,2.091866321,Yds
Green,44,2.099956332,Yds
Green,45,2.10786453,Yds
Green,46,2.115598907,Yds
Green,47,2.123166941,Yds
Green,48,2.130575636,Yds
Green,49,2.137831563,Yds
Green,50,2.144940896,Yds
Green,51,2.15190944,Yds
Green,52,2.158742665,Yds
Green,53,2.165445724,Yds
Green,54,2.172023486,Yds
Green,55,2.178480548,Yds
Green,56,2.18482126,Yds
Green,57,2.191049741,Yds
Green,58,2.197169895,Yds
Green,59,2.203185427,Yds
Green,60,2.209099851,Yds
Green,61,2.214916513,Yds
Green,62,2.22063859,Yds
Green,63,2.22626911,Yds
Green,64,2.231810957,Yds
Green,65,2.23726688,Yds
Green,66,2.242639504,Yds
Green,67,2.247931333,Yds
Green,68,2.253144761,Yds
Green,69,2.258282079,Yds
Green,70,2.263345476,Yds
Green,71,2.268337049,Yds
Green,72,2.273258807,Yds
Green,73,2.278112677,Yds
Green,74,2.282900506,Yds
Green,75,2.287624067,Yds
Green,76,2.292285062,Yds
Green,77,2.296885128,Yds
Green,78,2.301425836,Yds
Green,79,2.305908699,Yds
Green,80,2.310335173,Yds
Green,81,2.314706658,Yds
Green,82,2.319024503,Yds
Green,83,2.32329001,Yds
Green,84,2.327504432,Yds
Green,85,2.331668977,Yds
Green,86,2.335784814,Yds
Green,87,2.339853067,Yds
Green,88,2.343874825,Yds
Green,89,2.347851139,Yds
Green,90,2.351783023,Yds
Green,91,2.35567146,Yds
Green,92,2.3595174,Yds
Green,93,2.363321762,Yds
Green,94,2.367085434,Yds
Green,95,2.370809278,Yds
Green,96,2.374494129,Yds
Green,97,2.378140793,Yds
Green,98,2.381750056,Yds
Green,99,2.385322675,Yds
Green,100,2.388859388,Yds
Fairway,1,2.1,Yds
Fairway,2,2.1178,Yds
Fairway,3,2.1357,Yds
Fairway,4,2.1535,Yds
Fairway,5,2.1714,Yds
Fairway,6,2.1892,Yds
Fairway,7,2.2071,Yds
Fairway,8,2.2249,Yds
Fairway,9,2.2428,Yds
Fairway,10,2.2606,Yds
Fairway,11,2.2785,Yds
Fairway,12,2.2963,Yds
Fairway,13,2.3142,Yds
Fairway,14,2.332,Yds
Fairway,15,2.3499,Yds
Fairway,16,2.3677,Yds
Fairway,17,2.3856,Yds
Fairway,18,2.4034,Yds
Fairway,19,2.4213,Yds
Rough,1,2.4,Yds
Rough,2,2.414,Yds
Rough,3,2.4279,Yds
Rough,4,2.4419,Yds
Rough,5,2.4559,Yds
Rough,6,2.4698,Yds
Rough,7,2.4838,Yds
Rough,8,2.4977,Yds
Rough,9,2.5117,Yds
Rough,10,2.5257,Yds
Rough,11,2.5396,Yds
Rough,12,2.5536,Yds
Rough,13,2.5676,Yds
Rough,14,2.5815,Yds
Rough,15,2.5955,Yds
Rough,16,2.6094,Yds
Rough,17,2.6234,Yds
Rough,18,2.6374,Yds
Rough,19,2.6513,Yds
Recovery,1,3.2,Yds
Recovery,2,3.2202,Yds
Recovery,3,3.2404,Yds
Recovery,4,3.2606,Yds
Recovery,5,3.2809,Yds
Recovery,6,3.3011,Yds
Recovery,7,3.3213,Yds
Recovery,8,3.3415,Yds
Recovery,9,3.3617,Yds
Recovery,10,3.3819,Yds
Recovery,11,3.4022,Yds
Recovery,12,3.4224,Yds
Recovery,13,3.4426,Yds
Recovery,14,3.4628,Yds
Recovery,15,3.483,Yds
Recovery,16,3.5032,Yds
Recovery,17,3.5235,Yds
Recovery,18,3.5437,Yds
Recovery,19,3.5639,Yds
